id;name;instructions;democode;testcode;solution;tests;medianTime;visible
1;Výpis čísel;[["html","Napište funkci <b>numbers(n)</b>, která vypíše prvních <i>n</i> přirozených čísel. "]];[["python64","ZGVmIG51bWJlcnMobik6CiAgICBwcmludChuKQo="]];[["python64","bnVtYmVycygxMCkK"]];[["python64","ZGVmIG51bWJlcnMobik6CiAgICBmb3IgaSBpbiByYW5nZSgxLCBuICsgMSk6CiAgICAgICAgcHJpbnQoaSkKICAgIHByaW50KCkK"]];[["python64","bnVtYmVycygzKQo="],["python64","bnVtYmVycyg1KQo="],["python64","bnVtYmVycygyMCkK"]];0;1
2;Fibonacciho posloupnost;[["html","Napište funkci <b>fibonacci(n)</b>, která vypíše prvních <i>n</i> členů Fibonacciho posloupnosti (první dva členy jsou 1, každý další je součtem dvou předchozích). "]];[["python64","ZGVmIGZpYm9uYWNjaShuKToKICAgIGZvciBpIGluIHJhbmdlKG4pOgogICAgCXByaW50KGkpCg=="]];[["python64","Zmlib25hY2NpKDEwKQo="]];[["python64","ZGVmIGZpYm9uYWNjaShuKToKICAgIGN1cnJlbnQgPSAxCiAgICBuZXh0ID0gMQogICAgZm9yIGkgaW4gcmFuZ2Uobik6CiAgICAgICAgcHJpbnQoY3VycmVudCkKICAgICAgICBuZXh0X25leHQgPSBjdXJyZW50ICsgbmV4dAogICAgICAgIGN1cnJlbnQgPSBuZXh0CiAgICAgICAgbmV4dCA9IG5leHRfbmV4dAo="]];[["python64","Zmlib25hY2NpKDUpCg=="],["python64","Zmlib25hY2NpKDE1KQo="],["python64","Zmlib25hY2NpKDIwKQo="]];0;1
3;Faktoriál;[["html","Napište funkci <b>factorial(n)</b> vrátí faktoriál <i>n</i> (součin všech čísel od 1 do n). "]];[["python64","ZGVmIGZhY3RvcmlhbChuKToKICAgIHJldHVybiAxCg=="]];[["python64","cHJpbnQoZmFjdG9yaWFsKDUpKQo="]];[["python64","ZGVmIGZhY3RvcmlhbChuKToKICAgIHZhbHVlID0gMQogICAgZm9yIGkgaW4gcmFuZ2UoMSwgbiArIDEpOgogICAgICAgIHZhbHVlICo9IGkKICAgIHJldHVybiB2YWx1ZQo="]];[["python64","cHJpbnQoZmFjdG9yaWFsKDYpKQo="],["python64","cHJpbnQoZmFjdG9yaWFsKDgpKQo="],["python64","cHJpbnQoZmFjdG9yaWFsKDEpKQo="],["python64","cHJpbnQoZmFjdG9yaWFsKDEwKSkK"]];0;1
4;Abeceda;[["html","Napište funkci <b>alphabet(n)</b>, která vypíše prvních <i>n</i> písmen anglické abecedy. Pokud je <i>n</i> větší jak 26, písmena jsou vypisována opakovaně. "]];[["python64","ZGVmIGFscGhhYmV0KG4pOgogICAgZm9yIGkgaW4gcmFuZ2Uobik6CiAgICAgICAgcHJpbnQoJ0EnKQo="]];[["python64","YWxwaGFiZXQoMzApCg=="]];[["python64","ZGVmIGFscGhhYmV0KG4pOgogICAgZm9yIGkgaW4gcmFuZ2Uobik6CiAgICAgICAgcHJpbnQoY2hyKG9yZCgnQScpK2klMjYpKQogICAgcHJpbnQoKQo="]];[["python64","YWxwaGFiZXQoMTApCg=="],["python64","YWxwaGFiZXQoNDApCg=="],["python64","YWxwaGFiZXQoMSkK"],["python64","YWxwaGFiZXQoNikK"],["python64","YWxwaGFiZXQoODApCg=="]];0;1
5;Zdvojení znaků;[["html","Napište funkci <b>duplication(text)</b>, která pro zadaný řetězec vrátí řetězec, ve kterém je každé písmeno duplikováno. "]];[["python64","ZGVmIGR1cGxpY2F0aW9uKHRleHQpOgogICAgcmV0dXJuIHRleHQK"]];[["python64","cHJpbnQoZHVwbGljYXRpb24oIlBZVEhPTiIpKQo="]];[["python64","ZGVmIGR1cGxpY2F0aW9uKHRleHQpOgogICAgb3V0cHV0ID0gIiIKICAgIGZvciBjaGFyIGluIHRleHQ6CiAgICAgICAgb3V0cHV0ICs9IGNoYXIgKyBjaGFyCiAgICByZXR1cm4gb3V0cHV0Cg=="]];[["python64","cHJpbnQoZHVwbGljYXRpb24oIkFBIikpCg=="],["python64","cHJpbnQoZHVwbGljYXRpb24oIkFCQ0QiKSkK"],["python64","cHJpbnQoZHVwbGljYXRpb24oImhlbGxvIikpCg=="],["python64","cHJpbnQoZHVwbGljYXRpb24oIkJybm8iKSkK"],["python64","cHJpbnQoZHVwbGljYXRpb24oInh5elhZWiIpKQo="]];0;1
6;Součin nenulových;[["html","Napište funkci <b>nonzero_product(numbers)</b>, která pro zadaný seznam čísel <i>numbers</i> vrátí součin všech nenulových čísel v seznamu. "]];[["python64","ZGVmIG5vbnplcm9fcHJvZHVjdChudW1iZXJzKToKICAgIHJldHVybiAwCg=="]];[["python64","cHJpbnQobm9uemVyb19wcm9kdWN0KFs0LCAwLCAyLCAwLCAwLCAzXSkpCg=="]];[["python64","ZGVmIG5vbnplcm9fcHJvZHVjdChudW1iZXJzKToKICAgIHByb2R1Y3QgPSAxCiAgICBmb3IgbiBpbiBudW1iZXJzOgogICAgICAgIGlmIG4gIT0gMDoKICAgICAgICAgICAgcHJvZHVjdCAqPSBuCiAgICByZXR1cm4gcHJvZHVjdAo="]];[["python64","cHJpbnQobm9uemVyb19wcm9kdWN0KFswLCAyLCAzLCAxLCA4LCAzXSkpCg=="],["python64","cHJpbnQobm9uemVyb19wcm9kdWN0KFswLCAwLCAxLCAwLCAwXSkpCg=="],["python64","cHJpbnQobm9uemVyb19wcm9kdWN0KFswLCAtMiwgLTMsIDAsIC0xLCAtNV0pKQo="],["python64","cHJpbnQobm9uemVyb19wcm9kdWN0KFsxLCAyLCAzLCA0LCA1LCA2XSkpCg=="],["python64","cHJpbnQobm9uemVyb19wcm9kdWN0KFszLCAzLCAyLCAzLCAzXSkpCg=="]];0;1
7;Dělitelé;[["html","Napište funkci <b>divisors(n)</b>, která vypíše popořadě všechny přirozená čísla, která dělí <i>n</i>. "]];[["python64","ZGVmIGRpdmlzb3JzKG4pOgogICAgcHJpbnQoMSkK"]];[["python64","ZGl2aXNvcnMoMjQpCg=="]];[["python64","ZGVmIGRpdmlzb3JzKG4pOgogICAgZm9yIGkgaW4gcmFuZ2UoMSwgbiArIDEpOgogICAgICAgIGlmIG4gJSBpID09IDA6CiAgICAgICAgICAgIHByaW50KGkpCiAgICBwcmludCgpCg=="]];[["python64","ZGl2aXNvcnMoNSkK"],["python64","ZGl2aXNvcnMoMzYpCg=="],["python64","ZGl2aXNvcnMoMSkK"],["python64","ZGl2aXNvcnMoMTAwKQo="],["python64","ZGl2aXNvcnMoMTAxKQo="],["python64","ZGl2aXNvcnMoMTAyKQo="],["python64","ZGl2aXNvcnMoNDgpCg=="],["python64","ZGl2aXNvcnMoMjMpCg=="]];0;1
8;Čtverec;[["html","Napište funkci <b>square(n)</b>, která vykreslí čtverec ze znaků mřížky o velikosti <i>n</i>. "]];[["python64","ZGVmIHNxdWFyZShuKToKICAgIGZvciBpIGluIHJhbmdlKG4pOgogICAgICAgIHByaW50KCIjIiwgZW5kPSIgIikKICAgIHByaW50KCkK"]];[["python64","c3F1YXJlKDUpCg=="]];[["python64","ZGVmIHNxdWFyZShuKToKICAgIGZvciBpIGluIHJhbmdlKG4pOgogICAgICAgIGZvciBqIGluIHJhbmdlKG4pOgogICAgICAgICAgICBwcmludCgiIyIsIGVuZD0iICIpCiAgICAgICAgcHJpbnQoKQoK"]];[["python64","c3F1YXJlKDMpCg=="],["python64","c3F1YXJlKDYpCg=="],["python64","c3F1YXJlKDEpCg=="],["python64","c3F1YXJlKDcpCg=="],["python64","c3F1YXJlKDIpCg=="]];0;1
9;Prázdný čtverec;[["html"," Napište funkci <b>empty_square(n)</b>, která vykreslí textový čtverec o velikosti <i>n</i>, který má uprostřed tečky a na kraji mřížky. "]];[["python64","ZGVmIGVtcHR5X3NxdWFyZShuKToKICAgIGZvciBpIGluIHJhbmdlKG4pOgogICAgICAgIHByaW50KCIjIiwgZW5kPSIgIikKICAgIHByaW50KCkJCg=="]];[["python64","ZW1wdHlfc3F1YXJlKDUpCg=="]];[["python64","ZGVmIGVtcHR5X3NxdWFyZShuKToKICAgIGZvciBpIGluIHJhbmdlKG4pOgogICAgICAgIGZvciBqIGluIHJhbmdlKG4pOgogICAgICAgICAgICBpZiBpID09IDAgb3IgaiA9PSAwIG9yIGkgPT0gbiAtMSBvciBqID09IG4gLTE6CiAgICAgICAgICAgICAgICBwcmludCgiIyIsIGVuZD0iICIpCiAgICAgICAgICAgIGVsc2U6CiAgICAgICAgICAgICAgICBwcmludCgiLiIsIGVuZD0iICIpCiAgICAgICAgcHJpbnQoKQoK"]];[["python64","ZW1wdHlfc3F1YXJlKDYpCg=="],["python64","ZW1wdHlfc3F1YXJlKDEpCg=="],["python64","ZW1wdHlfc3F1YXJlKDQpCg=="],["python64","ZW1wdHlfc3F1YXJlKDIpCg=="],["python64","ZW1wdHlfc3F1YXJlKDcpCg=="]];0;1
10;Pyramida;[["html","Napište funkci <b>pyramid(n)</b>, která vykreslí textový obrázek pyramidy o výšce <i>n</i>. "]];[["python64","ZGVmIHB5cmFtaWQobik6CiAgICBmb3IgaSBpbiByYW5nZShuKToKICAgICAgICBwcmludCgiIyIsIGVuZD0iICIpCiAgICBwcmludCgpCQo="]];[["python64","cHlyYW1pZCg1KQo="]];[["python64","ZGVmIHB5cmFtaWQobik6CiAgICBmb3IgaSBpbiByYW5nZShuKToKICAgICAgICBmb3IgaiBpbiByYW5nZSgyICogbiAtIDEpOgogICAgICAgICAgICBpZiBqID49IG4gLSAxIC0gaSBhbmQgaiA8PSBuIC0gMSArIGk6CiAgICAgICAgICAgICAgICBwcmludCgnIycsIGVuZD0iICIpCiAgICAgICAgICAgIGVsc2U6CiAgICAgICAgICAgICAgICBwcmludCgnICcsIGVuZD0iICIpCiAgICAgICAgcHJpbnQoKQoK"]];[["python64","cHlyYW1pZCg2KQo="],["python64","cHlyYW1pZCgxMCkK"],["python64","cHlyYW1pZCgxKQo="],["python64","cHlyYW1pZCgyKQo="],["python64","cHlyYW1pZCg3KQo="]];0;1
11;Šachovnice;[["html","Napište funkci <b>chessboard(n)</b>, která vykreslí textovou šachovnici o straně délky <i>n</i>. Políčka šachovnice nechť jsou tvořena znaky '.' a '#'. "]];[["python64","ZGVmIGNoZXNzYm9hcmQobik6CiAgICBmb3IgaSBpbiByYW5nZShuKToKICAgICAgICBwcmludCgiIyIsIGVuZD0iICIpCiAgICBwcmludCgpCg=="]];[["python64","Y2hlc3Nib2FyZCg4KQo="]];[["python64","ZGVmIGNoZXNzYm9hcmQobik6CiAgICBmb3IgaSBpbiByYW5nZShuKToKICAgICAgICBmb3IgaiBpbiByYW5nZShuKToKICAgICAgICAgICAgaWYgKGkgKyBqKSAlIDIgPT0gMDoKICAgICAgICAgICAgICAgIHByaW50KCIjIiwgZW5kPSIgIikKICAgICAgICAgICAgZWxzZToKICAgICAgICAgICAgICAgIHByaW50KCIuIiwgZW5kPSIgIikKICAgICAgICBwcmludCgpCg=="]];[["python64","Y2hlc3Nib2FyZCg3KQo="],["python64","Y2hlc3Nib2FyZCg2KQo="],["python64","Y2hlc3Nib2FyZCg1KQo="],["python64","Y2hlc3Nib2FyZCgyKQo="],["python64","Y2hlc3Nib2FyZCg5KQo="],["python64","Y2hlc3Nib2FyZCgxMCkK"]];0;1
12;Velké X;[["html","Napište funkci <b>cross(n)</b>, která vykreslí ze znaků '#' velké X o velikosti <i>n</i>. "]];[["python64","ZGVmIGJpZ1gobik6CiAgICBwYXNzCg=="]];[["python64","YmlnWCg1KQo="]];[["python64","ZGVmIGJpZ1gobik6CiAgICBmb3IgaSBpbiByYW5nZSgyICogbiAtIDEpOgogICAgICAgIGZvciBqIGluIHJhbmdlKDIgKiBuIC0gMSk6CiAgICAgICAgICAgIGlmIGkgPT0gaiBvciAoMiAqIG4gLSAyKSAtIGkgPT0gajoKICAgICAgICAgICAgICAgIHByaW50KCcjJywgZW5kPSIgIikKICAgICAgICAgICAgZWxzZToKICAgICAgICAgICAgICAgIHByaW50KCcgJywgZW5kPSIgIikKICAgICAgICBwcmludCgpCgo="]];[["python64","YmlnWCg3KQo="],["python64","YmlnWCg2KQo="],["python64","YmlnWCgyKQo="],["python64","YmlnWCgxMCkK"],["python64","YmlnWCg4KQo="],["python64","YmlnWCg0KQo="]];0;1
13;Průnik řetězců;[["html","Napište funkci <b>string_intersection(left, right)</b>, která pro dva zadané řetězce <i>left</i> a <i>right</i> vypíše písmena, která jsou v obou řetězcích na stejné pozici. "]];[["python64","ZGVmIHN0cmluZ19pbnRlcnNlY3Rpb24obGVmdCwgcmlnaHQpOgogICAgcHJpbnQoKQo="]];[["python64","c3RyaW5nX2ludGVyc2VjdGlvbigiWklSQUZBIiwgIktBUkFGQSIpCnByaW50KCItLSIpCnN0cmluZ19pbnRlcnNlY3Rpb24oIktBUkFURSIsICJLQVJBRkEiKQpwcmludCgiLS0iKQpzdHJpbmdfaW50ZXJzZWN0aW9uKCJBaG9qLCBqYWsgc2UgZG5lc2thIG1hcz8iLCAiTWFtIHNlIGRuZXNrYSBkb2JyZS4iKQo="]];[["python64","ZGVmIHN0cmluZ19pbnRlcnNlY3Rpb24obGVmdCwgcmlnaHQpOgogICAgY29tbW9uX2xlbmd0aCA9IG1pbihsZW4obGVmdCksIGxlbihyaWdodCkpCiAgICBmb3IgaSBpbiByYW5nZShjb21tb25fbGVuZ3RoKToKICAgICAgICBpZiBsZWZ0W2ldID09IHJpZ2h0W2ldOgogICAgICAgICAgICBwcmludChsZWZ0W2ldKQoK"]];[["python64","c3RyaW5nX2ludGVyc2VjdGlvbigiWklSQUZBIiwgIktBUkFGQSIpCg=="],["python64","c3RyaW5nX2ludGVyc2VjdGlvbigiS0FSQVRFIiwgIktBUkFGQSIpCg=="],["python64","c3RyaW5nX2ludGVyc2VjdGlvbigiQUhPSiIsICJBTElDRSIpCg=="],["python64","c3RyaW5nX2ludGVyc2VjdGlvbigiQUJDREUiLCAiWEJYRFgiKQo="],["python64","c3RyaW5nX2ludGVyc2VjdGlvbigiQUJBQkFCQUJBIiwgIkFYQVhBWEEiKQo="],["python64","c3RyaW5nX2ludGVyc2VjdGlvbigiQUJDREVGIiwgIkREREREREREREQiKQo="],["python64","c3RyaW5nX2ludGVyc2VjdGlvbigiQUhPSiIsICJQUkFTRSIpCg=="],["python64","c3RyaW5nX2ludGVyc2VjdGlvbigiQWhvaiwgamFrIHNlIGRuZXNrYSBtYXM/IiwgIk1hbSBzZSBkbmVza2EgZG9icmUuIikK"]];0;1
14;Palindrom;[["html","Napište funkci <b>palindrom(text)</b>, která otestuje, zda je zadaný řetězec <i>text</i> palindromem (čte se stejně od začátku jako od konce). "]];[["python64","ZGVmIHBhbGluZHJvbSh0ZXh0KToKICAgIHJldHVybiBUcnVlCg=="]];[["python64","cHJpbnQocGFsaW5kcm9tKCJqZWxlbm92aXBpdm9uZWxlaiIpKQpwcmludChwYWxpbmRyb20oInByYXNlIikpCnByaW50KHBhbGluZHJvbSgiYW5uYSIpKQpwcmludChwYWxpbmRyb20oImZyYW50YSIpKQo="]];[["python64","ZGVmIHBhbGluZHJvbSh0ZXh0KToKICAgIGxlbmd0aCA9IGxlbih0ZXh0KQogICAgZm9yIGkgaW4gcmFuZ2UoaW50KGxlbmd0aC8yKSk6CiAgICAgICAgaWYgdGV4dFtpXSAhPSB0ZXh0W2xlbmd0aCAtIDEgLSBpXToKICAgICAgICAgICAgcmV0dXJuIEZhbHNlCiAgICByZXR1cm4gVHJ1ZQoK"]];[["python64","cHJpbnQocGFsaW5kcm9tKCJqZWxlbm92aXBpdm9uZWxlaiIpKQo="],["python64","cHJpbnQocGFsaW5kcm9tKCJwcmFzZSIpKQo="],["python64","cHJpbnQocGFsaW5kcm9tKCJhbm5hIikpCg=="],["python64","cHJpbnQocGFsaW5kcm9tKCJmcmFudGEiKSkK"],["python64","cHJpbnQocGFsaW5kcm9tKCJrYWphayIpKQo="],["python64","cHJpbnQocGFsaW5kcm9tKCJhZnJpa2EiKSkK"],["python64","cHJpbnQocGFsaW5kcm9tKCJsb2wiKSkK"],["python64","cHJpbnQocGFsaW5kcm9tKCJhIikpCg=="],["python64","cHJpbnQocGFsaW5kcm9tKCJnaHdvaHF3b2h3Z2Fwb2hhd29oZ2FzIikpCg=="]];0;1
15;Každé druhé číslo;[["html","Napište funkci <b>every_second_number(num_list)</b>, která ze zadaného seznamu čísel <i>num_list</i> vypíše každé druhé číslo (počínaje prvním). "]];[["python64","ZGVmIGV2ZXJ5X3NlY29uZF9udW1iZXIobnVtX2xpc3QpOgogICAgcHJpbnQobnVtX2xpc3RbMF0pCg=="]];[["python64","ZXZlcnlfc2Vjb25kX251bWJlcihbMSwgNSwgNCwgMywgMl0pICAgICAgICAgICAgCg=="]];[["python64","ZGVmIGV2ZXJ5X3NlY29uZF9udW1iZXIobnVtX2xpc3QpOgogICAgZm9yIGkgaW4gcmFuZ2UobGVuKG51bV9saXN0KSk6CiAgICAgICAgaWYgaSAlIDIgPT0gMDoKICAgICAgICAgICAgcHJpbnQobnVtX2xpc3RbaV0pCg=="]];[["python64","ZXZlcnlfc2Vjb25kX251bWJlcihbMSwgNSwgNCwgMywgMl0pICAgICAgICAgICAgCg=="],["python64","ZXZlcnlfc2Vjb25kX251bWJlcihbMSwgMiwgMywgNCwgNSwgNiwgN10pICAgICAgICAgICAgCg=="],["python64","ZXZlcnlfc2Vjb25kX251bWJlcihbOCwgNCwgMywgMl0pICAgICAgICAgICAgCg=="],["python64","ZXZlcnlfc2Vjb25kX251bWJlcihbN10pICAgICAgICAgICAgCg=="],["python64","ZXZlcnlfc2Vjb25kX251bWJlcihbXSkgICAgICAgICAgICAK"],["python64","ZXZlcnlfc2Vjb25kX251bWJlcihbOSwgMTIsIDI0MSwgMTIsIDEsIDUsIDQsIDMsIDJdKSAgICAgICAgICAgIAo="]];0;1
16;Maximální sousedi;[["html","Napište funkci <b>max_pair_sum(num_list)</b>, která pro zadaný seznam kladných čísel <i>num_list</i> vypočítá nejvyšší součet dvou po sobě jdoucích čísel. "]];[["python64","ZGVmIG1heF9wYWlyX3N1bShudW1fbGlzdCk6CiAgICByZXR1cm4gMAo="]];[["python64","cHJpbnQobWF4X3BhaXJfc3VtKFsxLCA4LCA3LCAzLCA1LCAyXSkpCg=="]];[["python64","ZGVmIG1heF9wYWlyX3N1bShudW1fbGlzdCk6CiAgICBtID0gMAogICAgZm9yIGkgaW4gcmFuZ2UobGVuKG51bV9saXN0KS0xKToKICAgICAgICBtID0gbWF4KG0sIG51bV9saXN0W2ldICsgbnVtX2xpc3RbaSsxXSkKICAgIHJldHVybiBtICAgIAo="]];[["python64","cHJpbnQobWF4X3BhaXJfc3VtKFsxLCA4LCA3LCAzLCA1LCAyLCA2XSkpCg=="],["python64","cHJpbnQobWF4X3BhaXJfc3VtKFsxLCAyLCAzLCA0LCA1LCA2LCA3XSkpCg=="],["python64","cHJpbnQobWF4X3BhaXJfc3VtKFsxLCAyLCAzLCA0LCA1LCA2LCA3LCAzLCAyXSkpCg=="],["python64","cHJpbnQobWF4X3BhaXJfc3VtKFsxLCAyLCA0NSwgNCwgNSwgNiwgNywgMywgMl0pKQo="],["python64","cHJpbnQobWF4X3BhaXJfc3VtKFsxLCA3LCAzLCA4LCA1LCA2LCA3LCA0LCAyXSkpCg=="],["python64","cHJpbnQobWF4X3BhaXJfc3VtKFsxLCAyLCAzLCAxLCAxLCAxLCAyLCAxLCAyXSkpCg=="],["python64","cHJpbnQobWF4X3BhaXJfc3VtKFs5LCAyLCAzLCA0LCA3LCAxLCAyLCAzLCA0XSkpCg=="]];0;1
17;Vyber násobky pěti;[["html","Napište funkci <b>five_multiples(num_list)</b>, která vezme seznam čísel <i>num_list</i> a vrátí seznam těch čísla ze seznamu, která jsou dělitelná pěti (v původním pořadí). "]];[["python64","ZGVmIGZpdmVfbXVsdGlwbGVzKG51bV9saXN0KToKICAgIHJldHVybiBbXQo="]];[["python64","cHJpbnQoZml2ZV9tdWx0aXBsZXMoWzMsIDUsIDI1LCA0LCA3LCA0OSwgMzUsIDEyXSkpCg=="]];[["python64","ZGVmIGZpdmVfbXVsdGlwbGVzKG51bV9saXN0KToKICAgIG91dHB1dCA9IFtdCiAgICBmb3IgbnVtIGluIG51bV9saXN0OgogICAgICAgIGlmIG51bSAlIDUgPT0gMDoKICAgICAgICAgICAgb3V0cHV0LmFwcGVuZChudW0pCiAgICByZXR1cm4gb3V0cHV0Cg=="]];[["python64","cHJpbnQoZml2ZV9tdWx0aXBsZXMoWzMsIDUsIDI1XSkpCg=="],["python64","cHJpbnQoZml2ZV9tdWx0aXBsZXMoWzMsIDQsIDI3LCA0LCA3LCA0OSwgMzYsIDEyXSkpCg=="],["python64","cHJpbnQoZml2ZV9tdWx0aXBsZXMoWzEwLCA1LCAyNSwgMCwgMzVdKSkK"],["python64","cHJpbnQoZml2ZV9tdWx0aXBsZXMoWzM1LCA0NSwgMTI1LCA0LCA3LCA0OSwgMzUsIDEyMF0pKQo="],["python64","cHJpbnQoZml2ZV9tdWx0aXBsZXMoWzUsIDI1LCA0LCA3LCA0OSwgMzUsIDEyLCAzXSkpCg=="],["python64","cHJpbnQoZml2ZV9tdWx0aXBsZXMoWzI1NSwgNCwgNzUsIDQsIDM1LCAxXSkpCg=="],["python64","cHJpbnQoZml2ZV9tdWx0aXBsZXMoWzM1NSwgNSwgMjUsIDQsIDcsIDQ5LCAzNTcsIDEyNV0pKQo="]];0;1
18;Ciferný součet;[["html","Napište funkci <b>digit_sum(n)</b>, která vrátí ciferný součet čísla <i>n</i>. "]];[["python64","ZGVmIGRpZ2l0X3N1bShuKToKICAgIHJldHVybiAwCg=="]];[["python64","cHJpbnQoZGlnaXRfc3VtKDEyNSkpCnByaW50KGRpZ2l0X3N1bSg1OCkpCnByaW50KGRpZ2l0X3N1bSg0MTU0NTgpKQo="]];[["python64","ZGVmIGRpZ2l0X3N1bShuKTogICAgCiAgICBzID0gMAogICAgd2hpbGUgbiA+IDA6CiAgICAgICAgcyArPSBuICUgMTAKICAgICAgICBuID0gbiAvLyAxMAogICAgcmV0dXJuIHMKCg=="]];[["python64","cHJpbnQoZGlnaXRfc3VtKDEyNSkpCg=="],["python64","cHJpbnQoZGlnaXRfc3VtKDU4KSkK"],["python64","cHJpbnQoZGlnaXRfc3VtKDQxNTQ1OCkpCg=="],["python64","cHJpbnQoZGlnaXRfc3VtKDQxNTMzNDU4KSkK"],["python64","cHJpbnQoZGlnaXRfc3VtKDQpKQo="],["python64","cHJpbnQoZGlnaXRfc3VtKDEwKSkK"],["python64","cHJpbnQoZGlnaXRfc3VtKDEwMCkpCg=="],["python64","cHJpbnQoZGlnaXRfc3VtKDkwMDAwOSkpCg=="]];0;1
19;Cik-cak;[["html","Napište funkci <b>zigzag(text)</b>, vypíše zadaný text 'cik-cak' na dva řádky s prázdnými místy vyznačenými tečkami (viz ukázkový výstup). "]];[["python64","ZGVmIHppZ3phZyh0ZXh0KToKICAgIHByaW50KHRleHQpCg=="]];[["python64","emlnemFnKCJQQVJEVUJJQ0UiKQo="]];[["python64","ZGVmIHppZ3phZyh0ZXh0KToKICAgIGxpbmUodGV4dCwgMCkKICAgIGxpbmUodGV4dCwgMSkKICAgIApkZWYgbGluZSh0ZXh0LCBwYXJpdGEpOgogICAgZm9yIGkgaW4gcmFuZ2UobGVuKHRleHQpKToKICAgICAgICBpZiBpICUgMiA9PSBwYXJpdGE6CiAgICAgICAgICAgIHByaW50KHRleHRbaV0sIGVuZD0iIikKICAgICAgICBlbHNlOgogICAgICAgICAgICBwcmludCgiLiIsIGVuZD0iIikKICAgIHByaW50KCkK"]];[["python64","emlnemFnKCJCUk5PIikK"],["python64","emlnemFnKCJoZWxsbyIpCg=="],["python64","emlnemFnKCJhYmNkZWZnaGlqa2xtbm9wcXJzdHV2d3h5eiIpCg=="],["python64","emlnemFnKCJhYmxhZ2h3b2h3b2giKQo="],["python64","emlnemFnKCJBR09XT0lIWEFCTkxBSElPR0hBR0hBIikK"],["python64","emlnemFnKCJBR09XT0lIWEFCTkxhZ3NoYW9naGFvcGhnIikK"],["python64","emlnemFnKCJhZ2FnYTU0NDY0ODU0b3BoZyIpCg=="]];0;1
20;Počet dělitelů;[["html","Napište funkci <b>divisors_count(n)</b>, která pro zadané přirozené číslo <i>n</i> vrátí počet jeho přirozených dělitelů. "]];[["python64","ZGVmIGRpdmlzb3JzX2NvdW50KG4pOgogICAgcmV0dXJuIDAK"]];[["python64","cHJpbnQoZGl2aXNvcnNfY291bnQoMjQpKQo="]];[["python64","ZGVmIGRpdmlzb3JzX2NvdW50KG4pOgogICAgY291bnQgPSAwCiAgICBmb3IgaSBpbiByYW5nZSgxLCBuICsgMSk6CiAgICAgICAgaWYgbiAlIGkgPT0gMDoKICAgICAgICAgICAgY291bnQgKz0gMQogICAgcmV0dXJuIGNvdW50Cg=="]];[["python64","cHJpbnQoZGl2aXNvcnNfY291bnQoNSkpCg=="],["python64","cHJpbnQoZGl2aXNvcnNfY291bnQoMTAyKSkK"],["python64","cHJpbnQoZGl2aXNvcnNfY291bnQoMzYpKQo="],["python64","cHJpbnQoZGl2aXNvcnNfY291bnQoNDgpKQo="],["python64","cHJpbnQoZGl2aXNvcnNfY291bnQoOSkpCg=="],["python64","cHJpbnQoZGl2aXNvcnNfY291bnQoMSkpCg=="],["python64","cHJpbnQoZGl2aXNvcnNfY291bnQoMTIpKQo="]];0;1
21;Mocniny;[["html","Napište funkci <b>powers(base, n)</b>, která vypíše prvních <i>n</i> mocnin čísla <i>base</i>. "]];[["python64","ZGVmIHBvd2VycyhiYXNlLCBuKToKICAgIHByaW50KGJhc2UpCg=="]];[["python64","cG93ZXJzKDIsIDcpCg=="]];[["python64","ZGVmIHBvd2VycyhiYXNlLCBuKToKICAgIGN1cnJlbnQgPSBiYXNlCiAgICBmb3IgaSBpbiByYW5nZShuKToKICAgICAgICBwcmludChjdXJyZW50KQogICAgICAgIGN1cnJlbnQgPSBjdXJyZW50ICogYmFzZQogICAgcHJpbnQoKQo="]];[["python64","cG93ZXJzKDIsIDEwKQo="],["python64","cG93ZXJzKDMsIDUpCg=="],["python64","cG93ZXJzKDUsIDMpCg=="],["python64","cG93ZXJzKDcsIDYpCg=="],["python64","cG93ZXJzKDksIDIpCg=="]];0;1
22;Výpis prvočísel;[["html","Napište funkci <b>print_primes(n)</b>, která vypíše prvních <i>n</i> prvočísel (prvočíslo je přirozené číslo, které je dělitelné pouze jedničkou a sebou samým). "]];[["python64","ZGVmIHByaW50X3ByaW1lcyhuKToKICAgIHByaW50KCkK"]];[["python64","cHJpbnRfcHJpbWVzKDEwKQo="]];[["python64","ZGVmIHByaW50X3ByaW1lcyhuKToKICAgIGsgPSAxCiAgICB3aGlsZSBuID4gMDoKICAgICAgICBpZiBkaXZpc29yc19jb3VudChrKSA9PSAyOgogICAgICAgICAgICBwcmludChrKQogICAgICAgICAgICBuIC09IDEKICAgICAgICBrICs9IDEKCmRlZiBkaXZpc29yc19jb3VudChuKToKICAgIGNvdW50ID0gMAogICAgZm9yIGkgaW4gcmFuZ2UoMSwgbiArIDEpOgogICAgICAgIGlmIG4gJSBpID09IDA6CiAgICAgICAgICAgIGNvdW50ICs9IDEKICAgIHJldHVybiBjb3VudAo="]];[["python64","cHJpbnRfcHJpbWVzKDMwKQo="],["python64","cHJpbnRfcHJpbWVzKDMpCg=="],["python64","cHJpbnRfcHJpbWVzKDYwKQo="],["python64","cHJpbnRfcHJpbWVzKDIwKQo="],["python64","cHJpbnRfcHJpbWVzKDEwMCkK"]];0;1
23;Největší společný dělitel;[["html","Napište funkci <b>greatest_common_divisor(a, b)</b>, která pro zadaná čísla     <i>a</i>, <i>b</i> vrátí jejich největšího společného dělitele. "]];[["python64","ZGVmIGdyZWF0ZXN0X2NvbW1vbl9kaXZpc29yKGEsIGIpOgogICAgcmV0dXJuIDEK"]];[["python64","cHJpbnQoZ3JlYXRlc3RfY29tbW9uX2Rpdmlzb3IoMjQsIDM2KSkKcHJpbnQoZ3JlYXRlc3RfY29tbW9uX2Rpdmlzb3IoNywgMjcpKQpwcmludChncmVhdGVzdF9jb21tb25fZGl2aXNvcig0OCwgNjQpKQpwcmludChncmVhdGVzdF9jb21tb25fZGl2aXNvcig0OCwgNjUpKQo="]];[["python64","ZGVmIGdyZWF0ZXN0X2NvbW1vbl9kaXZpc29yKGEsIGIpOgogICAgd2hpbGUgYToKICAgICAgICBhLCBiID0gYiAlIGEsIGEKICAgIHJldHVybiBiCg=="]];[["python64","cHJpbnQoZ3JlYXRlc3RfY29tbW9uX2Rpdmlzb3IoMjQsIDM2KSkK"],["python64","cHJpbnQoZ3JlYXRlc3RfY29tbW9uX2Rpdmlzb3IoNywgMjgpKQo="],["python64","cHJpbnQoZ3JlYXRlc3RfY29tbW9uX2Rpdmlzb3IoMTIsIDE2KSkK"],["python64","cHJpbnQoZ3JlYXRlc3RfY29tbW9uX2Rpdmlzb3IoNDgsIDY0KSkK"],["python64","cHJpbnQoZ3JlYXRlc3RfY29tbW9uX2Rpdmlzb3IoNDgsIDY1KSkK"],["python64","cHJpbnQoZ3JlYXRlc3RfY29tbW9uX2Rpdmlzb3IoNDgsIDY2KSkK"],["python64","cHJpbnQoZ3JlYXRlc3RfY29tbW9uX2Rpdmlzb3IoMTQ4LCAxNjQpKQo="],["python64","cHJpbnQoZ3JlYXRlc3RfY29tbW9uX2Rpdmlzb3IoMTQ4LCAyNDgpKQo="],["python64","cHJpbnQoZ3JlYXRlc3RfY29tbW9uX2Rpdmlzb3IoNTc0ODUsIDQ0NjUpKQo="]];0;1
24;Zjednodušení seznamu;[["html","Napište funkci <b>flatten(lists)</b>, která jako argument bere seznam seznamů čísel a vrátí na výstup jednoduchý seznam čísel (viz ukázka)."]];[["python64","ZGVmIGZsYXR0ZW4obGlzdHMpOgogICAgcmV0dXJuIFtdCg=="]];[["python64","cHJpbnQoZmxhdHRlbihbWzEsIDJdLCBbMywgNF1dKSkKcHJpbnQoZmxhdHRlbihbWzAsIDIsIDNdLCBbMSwgMiwgM10sIFs5LCAxMF1dKSkK"]];[["python64","ZGVmIGZsYXR0ZW4obGlzdHMpOgogICAgZmxhdF9saXN0ID0gW10KICAgIGZvciBuZXN0ZWRfbGlzdCBpbiBsaXN0czoKICAgICAgICBmb3IgZWxlbWVudCBpbiBuZXN0ZWRfbGlzdDoKICAgICAgICAgICAgZmxhdF9saXN0LmFwcGVuZChlbGVtZW50KQogICAgcmV0dXJuIGZsYXRfbGlzdAo="]];[["python64","cHJpbnQoZmxhdHRlbihbWzEsIDJdLCBbMywgNF1dKSkK"],["python64","cHJpbnQoZmxhdHRlbihbWzEsIDIsIDNdLCBbNSwgNF1dKSkK"],["python64","cHJpbnQoZmxhdHRlbihbWzAsIDIsIDNdLCBbMSwgMiwgM10sIFs5LCAxMF1dKSkK"],["python64","cHJpbnQoZmxhdHRlbihbWzEsIDIsIDNdLCBbOSwgMTBdXSkpCg=="],["python64","cHJpbnQoZmxhdHRlbihbWzEsIDIsIDNdLCBbNCwgMiwgM10sIFs5LCAxMF1dKSkK"],["python64","cHJpbnQoZmxhdHRlbihbWzEsIDIsIDNdLCBbNCwgMiwgM10sIFs5LCAxMF0sIFsxMDBdXSkpCg=="]];0;0
25;Počet A;[["html","Napište funkci <b>count_a(text)</b>, která v řetězci <i>text</i> spočítá počet     výskytů písmene 'a' (malé i velké písmeno). "]];[["python64","ZGVmIGNvdW50X2EodGV4dCk6CiAgICByZXR1cm4gMAo="]];[["python64","cHJpbnQoY291bnRfYSgiQWJlY2VkYSIpKQpwcmludChjb3VudF9hKCJzbG9uIikpCnByaW50KGNvdW50X2EoInByYXNlIikpCg=="]];[["python64","ZGVmIGNvdW50X2EodGV4dCk6CiAgICBjb3VudCA9IDAKICAgIGZvciBjaGFyIGluIHRleHQ6CiAgICAgICAgaWYgY2hhci51cHBlcigpID09ICdBJzoKICAgICAgICAgICAgY291bnQgKz0gMQogICAgcmV0dXJuIGNvdW50CiAgICAKCg=="]];[["python64","cHJpbnQoY291bnRfYSgiQWJlY2VkYSIpKQo="],["python64","cHJpbnQoY291bnRfYSgic2xvbmljZSBBbGljZSIpKQo="],["python64","cHJpbnQoY291bnRfYSgicHJhc2UiKSkK"],["python64","cHJpbnQoY291bnRfYSgiQUFBQUFBYWFhYWFhYWFhYWFhYWEiKSkK"],["python64","cHJpbnQoY291bnRfYSgiYWJjZGVmIikpCg=="],["python64","cHJpbnQoY291bnRfYSgieGF4QWFYQUF4YSIpKQo="],["python64","cHJpbnQoY291bnRfYSgia3JhYmljZSIpKQo="]];0;1
26;Cenzura;[["html","Napište funkci <b>censorship(text)</b>, která vrátí zadaný řetězec <i>text</i>, ve kterém nahradí každé druhé písmeno za X. "]];[["python64","ZGVmIGNlbnNvcnNoaXAodGV4dCk6CiAgICByZXR1cm4gdGV4dAo="]];[["python64","cHJpbnQoY2Vuc29yc2hpcCgiVGFqbmEgenByYXZhIikpCg=="]];[["python64","ZGVmIGNlbnNvcnNoaXAodGV4dCk6CiAgICBvdXRwdXQgPSAiIgogICAgaSA9IDEKICAgIGZvciBjaGFyIGluIHRleHQ6CiAgICAgICAgaWYgaSAlIDIgPT0gMDoKICAgICAgICAgICAgb3V0cHV0ICs9ICJYIgogICAgICAgIGVsc2U6CiAgICAgICAgICAgIG91dHB1dCArPSBjaGFyCiAgICAgICAgaSArPSAxCiAgICByZXR1cm4gb3V0cHV0CiAgICAKCg=="]];[["python64","cHJpbnQoY2Vuc29yc2hpcCgiVGFqbmEgenByYXZhIikpCg=="],["python64","cHJpbnQoY2Vuc29yc2hpcCgiQWJlY2VkYSIpKQo="],["python64","cHJpbnQoY2Vuc29yc2hpcCgiamVkbmEgZHZhIHRyaSBjdHlyaSBwZXQiKSkK"],["python64","cHJpbnQoY2Vuc29yc2hpcCgia29sb2JlemthIikpCg=="],["python64","cHJpbnQoY2Vuc29yc2hpcCgia29sbyIpKQo="],["python64","cHJpbnQoY2Vuc29yc2hpcCgicGVzIikpCg=="]];0;1
27;První písmena;[["html","Napište funkci <b>first_letters(text)</b>, která vypíše první písmena slov ze zadaného řetězce <i>text</i>. "]];[["python64","ZGVmIGZpcnN0X2xldHRlcnModGV4dCk6CiAgICBwcmludCgpCg=="]];[["python64","Zmlyc3RfbGV0dGVycygiamVkbmEgZHZhIHRyaSBjdHlyaSBwZXQiKQpmaXJzdF9sZXR0ZXJzKCJwb3pvciBuYSAgIHZpY2UgIG1lemVyIikK"]];[["python64","ZGVmIGZpcnN0X2xldHRlcnModGV4dCk6CiAgICBmb3Igd29yZCBpbiB0ZXh0LnNwbGl0KCk6CiAgICAgICAgcHJpbnQod29yZFswXSwgZW5kPSIgIikKICAgIHByaW50KCkK"]];[["python64","Zmlyc3RfbGV0dGVycygiamVkbmEgZHZhIHRyaSBjdHlyaSBwZXQiKQo="],["python64","Zmlyc3RfbGV0dGVycygicG96b3IgbmEgICB2aWNlICBtZXplciIpCg=="],["python64","Zmlyc3RfbGV0dGVycygiQnJubyIpCg=="],["python64","Zmlyc3RfbGV0dGVycygiQnJubywgUHJhaGEsIE9zdHJhdmEsIE9sb21vdWMiKQo="],["python64","Zmlyc3RfbGV0dGVycygiSSBoYXZlIGEgZHJlYW0uIikK"],["python64","Zmlyc3RfbGV0dGVycygiTmVzbXlzbHk6IGFiYyBkZWYgICBzZ2dhbyAgZ3NoICAgYWdoYWciKQo="]];0;1
28;Zipování řetězců;[["html","Napište funkci <b>string_zip(text1, text2)</b>, která vezme dva řetězce <i>text1</i> a <i>text2</i> a vrátí jejich zazipovanou podobu (písmena z obou řetězců na střídačku). "]];[["python64","ZGVmIHN0cmluZ196aXAodGV4dDEsIHRleHQyKToKICAgIHJldHVybiAiIgo="]];[["python64","cHJpbnQoc3RyaW5nX3ppcCgib3ZjZSIsICJrb3phIikpCnByaW50KHN0cmluZ196aXAoIlBhcmR1YmljZSIsICJCcm5vIikpCg=="]];[["python64","ZGVmIHN0cmluZ196aXAodGV4dDEsIHRleHQyKToKICAgIHJlc3VsdCA9ICIiCiAgICBmb3IgaSBpbiByYW5nZShtYXgobGVuKHRleHQxKSwgbGVuKHRleHQyKSkpOgogICAgICAgIGlmIGkgPCBsZW4odGV4dDEpOgogICAgICAgICAgICByZXN1bHQgKz0gdGV4dDFbaV0KICAgICAgICBpZiBpIDwgbGVuKHRleHQyKToKICAgICAgICAgICAgcmVzdWx0ICs9IHRleHQyW2ldCiAgICByZXR1cm4ocmVzdWx0KSAgICAK"]];[["python64","cHJpbnQoc3RyaW5nX3ppcCgib3ZjZSIsICJrb3phIikpCg=="],["python64","cHJpbnQoc3RyaW5nX3ppcCgiUGFyZHViaWNlIiwgIkJybm8iKSkK"],["python64","cHJpbnQoc3RyaW5nX3ppcCgiamVkbmEgZHZlIiwgInRyaSBjdHlyaSBwZXQiKSkK"],["python64","cHJpbnQoc3RyaW5nX3ppcCgiYWJjZGVmIiwgInh5eiIpKQo="],["python64","cHJpbnQoc3RyaW5nX3ppcCgiZ2E7aG9sYW9paGd3IiwgIjMyNjRnbGdvMjNuZyIpKQo="],["python64","cHJpbnQoc3RyaW5nX3ppcCgicHJhc2UiLCAidmVsYmxvdWQiKSkK"]];0;1
29;Unikátní prvky;[["html","Napište funkci <b>unique(mylist)</b>, která vrátí seznam obsahující každý prvek ze seznamu <i>mylist</i> právě jedenkrát (v pořadí prvních výskytů v původním seznamu). "]];[["python64","ZGVmIHVuaXF1ZShteWxpc3QpOgogICAgcmV0dXJuIG15bGlzdAo="]];[["python64","cHJpbnQodW5pcXVlKFsxLCAyLCAzLCAyLCAxXSkpCnByaW50KHVuaXF1ZShbMywgNywgNSwgMywgMSwgMiwgMywgMSwgN10pKQo="]];[["python64","ZGVmIHVuaXF1ZShteWxpc3QpOgogICAgcmVzdWx0ID0gW10KICAgIGZvciBpIGluIHJhbmdlKGxlbihteWxpc3QpKToKICAgICAgICBpZiBteWxpc3RbaV0gbm90IGluIHJlc3VsdDoKICAgICAgICAgICAgcmVzdWx0LmFwcGVuZChteWxpc3RbaV0pCiAgICByZXR1cm4gcmVzdWx0Cg=="]];[["python64","cHJpbnQodW5pcXVlKFsxLCAyLCAzLCAyLCAxXSkpCg=="],["python64","cHJpbnQodW5pcXVlKFszLCA3LCA1LCAzLCAxLCAyLCAzLCAxLCA3XSkpCg=="],["python64","cHJpbnQodW5pcXVlKFsxLCAyLCAzLCAxLCA3LCA3LCA3LCA3XSkpCg=="],["python64","cHJpbnQodW5pcXVlKFszLCA3LCA2NjUsIDMsIDEsIDIsIDMsIDgsIDddKSkK"],["python64","cHJpbnQodW5pcXVlKFszLCAzNywgNSwgMzcsIDEsIDIsIDM3LCAxLCA3XSkpCg=="],["python64","cHJpbnQodW5pcXVlKFsxXSkpCg=="],["python64","cHJpbnQodW5pcXVlKFsxLCAyLCAzXSkpCg=="],["python64","cHJpbnQodW5pcXVlKFtdKSkK"],["python64","cHJpbnQodW5pcXVlKFszLCA3LCA1LCAzLCAxLCAyLCAzLCAxLCA4LCA4LCA4LCA4LCA5LCA3XSkpCg=="]];0;1
30;Nejčastější prvek;[["html","Napište funkci <b>most_common(mylist)</b>, která najde nejčastější prvek v seznamu čísel. Pokud je nejčastějších prvků více, vypíše ten nejmenší z nich. Můžete předpokládat, že seznam obsahuje alespoň jedno číslo. "]];[["python64","ZGVmIG1vc3RfY29tbW9uKG15bGlzdCk6CiAgICByZXR1cm4gMAo="]];[["python64","cHJpbnQobW9zdF9jb21tb24oWzMsIDcsIDUsIDMsIDEsIDIsIDMsIDEsIDddKSkKcHJpbnQobW9zdF9jb21tb24oWzMsIDcsIDFdKSkK"]];[["python64","ZGVmIG1vc3RfY29tbW9uKG15bGlzdCk6ICAgIAogICAgbXlsaXN0ID0gc29ydGVkKG15bGlzdCkKICAgIG1heF92YWx1ZSwgbWF4X2NvdW50ID0gTm9uZSwgMAogICAgY3VycmVudF92YWx1ZSwgY3VycmVudF9jb3VudCA9IE5vbmUsIDAKICAgIGZvciB2YWx1ZSBpbiBteWxpc3Q6CiAgICAgICAgaWYgdmFsdWUgPT0gY3VycmVudF92YWx1ZToKICAgICAgICAgICAgY3VycmVudF9jb3VudCArPSAxCiAgICAgICAgZWxzZToKICAgICAgICAgICAgY3VycmVudF92YWx1ZSA9IHZhbHVlCiAgICAgICAgICAgIGN1cnJlbnRfY291bnQgPSAxCiAgICAgICAgaWYgY3VycmVudF9jb3VudCA+IG1heF9jb3VudDoKICAgICAgICAgICAgbWF4X3ZhbHVlID0gY3VycmVudF92YWx1ZQogICAgICAgICAgICBtYXhfY291bnQgPSBjdXJyZW50X2NvdW50CiAgICByZXR1cm4gbWF4X3ZhbHVlCg=="]];[["python64","cHJpbnQobW9zdF9jb21tb24oWzMsIDcsIDUsIDMsIDEsIDIsIDMsIDEsIDddKSkK"],["python64","cHJpbnQobW9zdF9jb21tb24oWzMsIDcsIDFdKSkK"],["python64","cHJpbnQobW9zdF9jb21tb24oWzMsIDcsIDcsIDMsIDcsIDIsIDcsIDEsIDddKSkK"],["python64","cHJpbnQobW9zdF9jb21tb24oWzMsIDcsIDQsIDQsIDQsIDQsIDQsIDEsIDddKSkK"],["python64","cHJpbnQobW9zdF9jb21tb24oWzNdKSkK"],["python64","cHJpbnQobW9zdF9jb21tb24oWzUsIDUsIDUsIDIsIDVdKSkK"],["python64","cHJpbnQobW9zdF9jb21tb24oWzMsIDcsIDUsIDMsIDEsIDIsIDMsIDEsIDcsIDEsIDEsIDFdKSkK"]];0;1
31;Nejdelší slovo v seznamu;[["html","Napište funkci <b>find_longest_word(words_list)</b>, která vrátí nejdelší slovo ze zadaného seznamu slov <i>words_list</i>. Pokud je nejdelších slov více, vrátí to z nich, které je v seznamu uvedeno jako první. "]];[["python64","ZGVmIGZpbmRfbG9uZ2VzdF93b3JkKHdvcmRzX2xpc3QpOgogICAgcmV0dXJuICIiCg=="]];[["python64","cHJpbnQoZmluZF9sb25nZXN0X3dvcmQoWyJzbG9uIiwgInByYXNlIiwgImtvemEiLCAicGVzIiwgImtyYXZhIl0pKQo="]];[["python64","ZGVmIGZpbmRfbG9uZ2VzdF93b3JkKHdvcmRzX2xpc3QpOgogICAgbG9uZ2VzdCA9ICIiCiAgICBmb3IgdyBpbiB3b3Jkc19saXN0OgogICAgICAgIGlmIGxlbih3KSA+IGxlbihsb25nZXN0KToKICAgICAgICAgICAgbG9uZ2VzdCA9IHcKICAgIHJldHVybiBsb25nZXN0IAo="]];[["python64","cHJpbnQoZmluZF9sb25nZXN0X3dvcmQoWyJzbG9uIiwgInByYXNlIiwgImtvemEiLCAicGVzIiwgImtyYXZhIl0pKQo="],["python64","cHJpbnQoZmluZF9sb25nZXN0X3dvcmQoWyJzbG9uIiwgInByYXNlIiwgInZlbGJsb3VkIiwgInBlcyIsICJrcmF2YSJdKSkK"],["python64","cHJpbnQoZmluZF9sb25nZXN0X3dvcmQoWyJzbG9uIl0pKQo="],["python64","cHJpbnQoZmluZF9sb25nZXN0X3dvcmQoWyJrb3NhdGthIiwgInByYXNlIiwgImtvemEiLCAicGVzIiwgImtyYXZhIl0pKQo="],["python64","cHJpbnQoZmluZF9sb25nZXN0X3dvcmQoWyJvdmNlIiwgInNsb24iLCAia296YSIsICJwZXMiXSkpCg=="],["python64","cHJpbnQoZmluZF9sb25nZXN0X3dvcmQoWyJzbG9uIiwgImtvemEiLCAicGVzIiwgIm92Y2UiXSkpCg=="],["python64","cHJpbnQoZmluZF9sb25nZXN0X3dvcmQoWyJhYmMiLCAienp6enp6eiIsICJzc3NzIiwgImVlZWRlZGVkZCIsICJ4IiwgInoiLCAiZGZhIl0pKQo="],["python64","cHJpbnQoZmluZF9sb25nZXN0X3dvcmQoWyJrb3phIiwgInBlcyIsICJvdmNlIiwgInNsb24iXSkpCg=="]];0;1
32;Blízko padesátky;[["html","Napište funkci <b>near_fifty(n)</b>, která rozhodne, zda zadané číslo <i>n</i> se nachází 'blízko' čísla 50 nebo 150 (je maximálně o 10 větší nebo menší)."]];[["python64","ZGVmIG5lYXJfZmlmdHkobik6CiAgICByZXR1cm4gRmFsc2UK"]];[["python64","cHJpbnQobmVhcl9maWZ0eSg0OCkpCnByaW50KG5lYXJfZmlmdHkoNjgpKQpwcmludChuZWFyX2ZpZnR5KDEyMCkpCnByaW50KG5lYXJfZmlmdHkoMTYwKSkK"]];[["python64","ZGVmIG5lYXJfZmlmdHkobik6CiAgICByZXR1cm4gYWJzKG4tNTApIDw9IDEwIG9yIGFicyhuLTE1MCkgPD0gMTAK"]];[["python64","cHJpbnQobmVhcl9maWZ0eSg1OCkpCg=="],["python64","cHJpbnQobmVhcl9maWZ0eSgxNjgpKQo="],["python64","cHJpbnQobmVhcl9maWZ0eSgyMCkpCg=="],["python64","cHJpbnQobmVhcl9maWZ0eSg0MCkpCg=="],["python64","cHJpbnQobmVhcl9maWZ0eSgxNTMpKQo="],["python64","cHJpbnQobmVhcl9maWZ0eSgyNTApKQo="]];0;1
33;Pokuta;[["html","Policista potřebuje pomoct s udělováním pokut. Zašel do baru a zjistil věk (<i>age</i>) občana a to, zda pije pivo (<i>beer</i>). Napište funkci <b>impose_fine(age, beer)</b>, která vrátí True v případě, že občan je nezletilý a pije pivo. "]];[["python64","ZGVmIGltcG9zZV9maW5lKGFnZSwgYmVlcik6CiAgICByZXR1cm4gRmFsc2UK"]];[["python64","cHJpbnQoaW1wb3NlX2ZpbmUoMjAsIFRydWUpKQpwcmludChpbXBvc2VfZmluZSgxNSwgRmFsc2UpKQpwcmludChpbXBvc2VfZmluZSgxNywgVHJ1ZSkpCnByaW50KGltcG9zZV9maW5lKDU3LCBUcnVlKSkK"]];[["python64","ZGVmIGltcG9zZV9maW5lKGFnZSwgYmVlcik6CiAgICByZXR1cm4gYWdlIDwgMTggYW5kIGJlZXIK"]];[["python64","cHJpbnQoaW1wb3NlX2ZpbmUoMjEsIFRydWUpKQo="],["python64","cHJpbnQoaW1wb3NlX2ZpbmUoMTYsIEZhbHNlKSkK"],["python64","cHJpbnQoaW1wb3NlX2ZpbmUoMTQsIFRydWUpKQo="],["python64","cHJpbnQoaW1wb3NlX2ZpbmUoNTYsIFRydWUpKQo="],["python64","cHJpbnQoaW1wb3NlX2ZpbmUoMTYsIEZhbHNlKSkK"],["python64","cHJpbnQoaW1wb3NlX2ZpbmUoMTYsIFRydWUpKQo="]];0;1
34;Násobky;[["html","Napište funkci <b>multiples(n)</b>, která vypíše informaci o násobcích čísla <i>n</i> podle uvedené ukázky."]];[["python64","ZGVmIG11bHRpcGxlcyhuKToKICAgIHByaW50KCJEdm9qbmFzb2JlayIsIG4pCg=="]];[["python64","bXVsdGlwbGVzKDcpCg=="]];[["python64","ZGVmIG11bHRpcGxlcyhuKToKICAgIHByaW50KCJEdm9qbmFzb2JlayIsIDIqbikKICAgIHByaW50KCJUcm9qbmFzb2JlayIsIDMqbikKICAgIHByaW50KCJEZXNldGluYXNvYmVrIiwgMTAqbikgIAo="]];[["python64","bXVsdGlwbGVzKDUpCg=="],["python64","bXVsdGlwbGVzKDEwKQo="],["python64","bXVsdGlwbGVzKDMpCg=="],["python64","bXVsdGlwbGVzKDQyKQo="]];0;1
35;Rostoucí posloupnosti;[["html","Upravte funkci <b>sequences(n)</b>, aby vypisovala postupně se prodlužující posloupnosti prvních <i>n</i> čísel (viz úkázkový výstup). "]];[["python64","ZGVmIHNlcXVlbmNlcyhuKToKICAgIGZvciBpIGluIHJhbmdlKG4pOgogICAgICAgIGZvciBqIGluIHJhbmdlKGkrMSk6CiAgICAgICAgICAgIHByaW50KGksIGVuZD0iICIpCiAgICAgICAgcHJpbnQoKQo="]];[["python64","c2VxdWVuY2VzKDgpCg=="]];[["python64","ZGVmIHNlcXVlbmNlcyhuKToKICAgIGZvciBpIGluIHJhbmdlKG4pOgogICAgICAgIGZvciBqIGluIHJhbmdlKGkrMSk6CiAgICAgICAgICAgIHByaW50KGorMSwgZW5kPSIgIikKICAgICAgICBwcmludCgpCg=="]];[["python64","c2VxdWVuY2VzKDUpCg=="],["python64","c2VxdWVuY2VzKDEwKQo="],["python64","c2VxdWVuY2VzKDMpCg=="],["python64","c2VxdWVuY2VzKDcpCg=="],["python64","c2VxdWVuY2VzKDkpCg=="]];0;1
36;Tabulka násobilky;[["html","Upravte funkci <b>products(n)</b>, aby vypisovala tabulku násobilky prvních <i>n</i> čísel (viz ukázkový výstup)."]];[["python64","ZGVmIHByb2R1Y3RzKG4pOgogICAgZm9yIHJvdyBpbiByYW5nZShuKToKICAgICAgICBmb3IgY29sIGluIHJhbmdlKG4pOgogICAgICAgICAgICBwcmludChyb3cgKyBjb2wsIGVuZD0iICIpCiAgICAgICAgcHJpbnQoKQo="]];[["python64","cHJvZHVjdHMoOCkK"]];[["python64","ZGVmIHByb2R1Y3RzKG4pOgogICAgZm9yIHJvdyBpbiByYW5nZSgxLCBuICsgMSk6CiAgICAgICAgZm9yIGNvbCBpbiByYW5nZSgxLCBuICsgMSk6CiAgICAgICAgICAgIHByaW50KHJvdyAqIGNvbCwgZW5kPSIgIikKICAgICAgICBwcmludCgpCg=="]];[["python64","cHJvZHVjdHMoNSkK"],["python64","cHJvZHVjdHMoMTApCg=="],["python64","cHJvZHVjdHMoNikK"],["python64","cHJvZHVjdHMoNykK"],["python64","cHJvZHVjdHMoOSkK"]];0;1
37;Hvězdičky;[["html","Upravte funkci <b>stars(n)</b>, aby vypisovala <i>n</i> hvězdiček, přičemž každá skupina pěti hvězdiček bude oddělena kolmou čárou. "]];[["python64","ZGVmIHN0YXJzKG4pOgogICAgZm9yIGkgaW4gcmFuZ2Uobik6CiAgICAgICAgcHJpbnQoIioiLCBlbmQ9IiIpCiAgICAgICAgaWYgaSA9PSA1OgogICAgICAgICAgICBwcmludCgifCIsIGVuZD0iIikKICAgIHByaW50KCkK"]];[["python64","c3RhcnMoNykKc3RhcnMoMTUpCg=="]];[["python64","ZGVmIHN0YXJzKG4pOgogICAgZm9yIGkgaW4gcmFuZ2Uobik6CiAgICAgICAgcHJpbnQoIioiLCBlbmQ9IiIpCiAgICAgICAgaWYgKGkrMSkgJSA1ID09IDA6CiAgICAgICAgICAgIHByaW50KCJ8IiwgZW5kPSIiKQogICAgcHJpbnQoKQo="]];[["python64","c3RhcnMoMTMpCg=="],["python64","c3RhcnMoNikK"],["python64","c3RhcnMoNCkK"],["python64","c3RhcnMoMTYpCg=="],["python64","c3RhcnMoMjEpCg=="],["python64","c3RhcnMoMzcpCg=="],["python64","c3RhcnMoOCkK"]];0;1
38;Kříž;[["html","Upravte funkci <b>cross(n)</b>, aby vykreslovala ze znaků '#' kříž šířky <i>n</i> (viz ukázkový výstup) "]];[["python64","ZGVmIGNyb3NzKG4pOiAgICAKICAgIGZvciBpIGluIHJhbmdlKDMqbik6CiAgICAgICAgZm9yIGogaW4gcmFuZ2UoMypuKToKICAgICAgICAgICAgaWYgaSA9PSAxIG9yIGogPT0gMToKICAgICAgICAgICAgICAgIHByaW50KCIjIiwgZW5kPSIiKQogICAgICAgICAgICBlbHNlOgogICAgICAgICAgICAgICAgcHJpbnQoIi4iLCBlbmQ9IiIpCiAgICAgICAgcHJpbnQoKQo="]];[["python64","Y3Jvc3MoMikKcHJpbnQoKQpjcm9zcyg0KQo="]];[["python64","ZGVmIGNyb3NzKG4pOiAgICAKICAgIGZvciBpIGluIHJhbmdlKDMqbik6CiAgICAgICAgZm9yIGogaW4gcmFuZ2UoMypuKToKICAgICAgICAgICAgaWYgaSAvLyBuID09IDEgb3IgaiAvLyBuID09IDE6CiAgICAgICAgICAgICAgICBwcmludCgiIyIsIGVuZD0iIikKICAgICAgICAgICAgZWxzZToKICAgICAgICAgICAgICAgIHByaW50KCIuIiwgZW5kPSIiKQogICAgICAgIHByaW50KCkK"]];[["python64","Y3Jvc3MoMikK"],["python64","Y3Jvc3MoMSkK"],["python64","Y3Jvc3MoNSkK"],["python64","Y3Jvc3MoNCkK"],["python64","Y3Jvc3MoNikK"],["python64","Y3Jvc3MoMykK"]];0;1
39;Ohrožení dámou;[["html","Napište funkci <b>queen(x, y)</b>, která znázorní políčka šachovnice ohrožovaná dámou na pozici <i>x, y</i>. Výstup se skládá z tabulku 8x8 vyznačené tečkami, poloha dámy je označená písmenem D, políčka, která dáma ohrožuje jsou označena hvězdičkou. Dáma ohrožuje políčka vodorovně, svisle a šikmo. Můžete předpokládat, že vstupy jsou čísla od 1 do 8. "]];[["python64","ZGVmIHF1ZWVuKHgsIHkpOgogICAgcHJpbnQoKQo="]];[["python64","cXVlZW4oNSwgMykK"]];[["python64","ZGVmIHF1ZWVuKHgsIHkpOgogICAgeCAtPSAxCiAgICB5IC09IDEKICAgIGZvciBqIGluIHJhbmdlKDgpOgogICAgICAgIGZvciBpIGluIHJhbmdlKDgpOgogICAgICAgICAgICBpZiBpID09IHggYW5kIGogPT0geToKICAgICAgICAgICAgICAgIHByaW50KCJEIiwgZW5kPSIiKQogICAgICAgICAgICBlbGlmIGkgPT0geCBvciBqID09IHkgb3IgeCt5ID09IGkraiBvciB4LXkgPT0gaS1qOgogICAgICAgICAgICAgICAgcHJpbnQoIioiLCBlbmQ9IiIpCiAgICAgICAgICAgIGVsc2U6CiAgICAgICAgICAgICAgICBwcmludCgiLiIsIGVuZD0iIikKICAgICAgICBwcmludCgpCg=="]];[["python64","cXVlZW4oMSwgMSkK"],["python64","cXVlZW4oMywgNikK"],["python64","cXVlZW4oNCwgNikK"],["python64","cXVlZW4oMiwgNykK"],["python64","cXVlZW4oMSwgOCkK"],["python64","cXVlZW4oMiwgMikK"],["python64","cXVlZW4oNSwgNCkK"]];0;1
40;Velké N;[["html","Napište funkci <b>bigN(n)</b>, která vypíše textový obrázek velkého písmene N na <i>n</i> řádků (viz ukázkový výstup). "]];[["python64","ZGVmIGJpZ04obik6CiAgICBwcmludCgifCIpCiAgICBwcmludCgiXFwiKQo="]];[["python64","YmlnTig2KQo="]];[["python64","ZGVmIGJpZ04obik6CiAgICBmb3IgaSBpbiByYW5nZShuKToKICAgICAgICBwcmludCgifCIrIiAiKmkrIlxcIisiICIqKG4tMS1pKSsifCIpCg=="]];[["python64","YmlnTig1KQo="],["python64","YmlnTigyKQo="],["python64","YmlnTig2KQo="],["python64","YmlnTigxKQo="],["python64","YmlnTigxMCkK"],["python64","YmlnTig3KQo="],["python64","YmlnTigzKQo="],["python64","YmlnTig4KQo="]];0;1
41;Pěkná dvojice;[["html","Kryštof se rozhodl, že dvojice přirozených čísel je <i>pěkná</i>, pokud jedno z nich je sudé a druhé liché. Napište funkci <b>nice(a, b)</b>, která otestuje, zda zadaná dvojice <i>a</i>, <i>b</i> je pěkná. "]];[["python64","ZGVmIG5pY2UoYSwgYik6CiAgICByZXR1cm4gRmFsc2UK"]];[["python64","cHJpbnQobmljZSgzLCA1KSkKcHJpbnQobmljZSgyLCA0KSkKcHJpbnQobmljZSgyLCA1KSkKcHJpbnQobmljZSgzLCA2KSkK"]];[["python64","ZGVmIG5pY2UoYSwgYik6CiAgICByZXR1cm4gKGEgJSAyID09IDApICE9IChiICUgMiA9PSAwKQo="]];[["python64","cHJpbnQobmljZSgzLCA1KSkK"],["python64","cHJpbnQobmljZSgyLCA0KSkK"],["python64","cHJpbnQobmljZSgyLCA1KSkK"],["python64","cHJpbnQobmljZSgzLCA3KSkK"],["python64","cHJpbnQobmljZSgyLCA1KSkK"],["python64","cHJpbnQobmljZSgzLCAxNSkpCg=="],["python64","cHJpbnQobmljZSgxMiwgMTUpKQo="],["python64","cHJpbnQobmljZSgxMywgMTYpKQo="]];0;1
42;Je Honza šťastný?;[["html","Honza byl dnes třikrát zkoušený. Honza je šťastný, kdykoliv dostane během dne alespoň jednou lepší známku než trojku. Napište funkci <b>happy(a, b, c)</b>, která pro zadané známky <i>a</i>, <i>b</i>,  <i>c</i> rozhodne, zda je Honza šťastný. "]];[["python64","ZGVmIGhhcHB5KGEsIGIsIGMpOgogICAgcmV0dXJuIEZhbHNlCg=="]];[["python64","cHJpbnQoaGFwcHkoMywgNCwgNCkpCnByaW50KGhhcHB5KDMsIDQsIDUpKQpwcmludChoYXBweSgxLCAxLCAyKSkKcHJpbnQoaGFwcHkoNSwgNSwgNSkpCnByaW50KGhhcHB5KDMsIDQsIDIpKQpwcmludChoYXBweSgzLCAxLCA0KSkK"]];[["python64","ZGVmIGhhcHB5KGEsIGIsIGMpOgogICAgcmV0dXJuIChhIDwgMyBvciBiIDwgMyBvciBjIDwgMykK"]];[["python64","cHJpbnQoaGFwcHkoMywgNCwgNCkpCg=="],["python64","cHJpbnQoaGFwcHkoMywgNCwgMikpCg=="],["python64","cHJpbnQoaGFwcHkoMSwgMSwgMikpCg=="],["python64","cHJpbnQoaGFwcHkoNSwgNSwgNSkpCg=="],["python64","cHJpbnQoaGFwcHkoMywgNSwgMikpCg=="],["python64","cHJpbnQoaGFwcHkoMywgMSwgNCkpCg=="],["python64","cHJpbnQoaGFwcHkoNSwgNSwgMSkpCg=="],["python64","cHJpbnQoaGFwcHkoNSwgNSwgNCkpCg=="],["python64","cHJpbnQoaGFwcHkoMSwgMSwgMSkpCg=="]];0;1
43;Lichá a sudá;[["html","Napište funkci <b>odd_even(n)</b>, která vypíše prvních <i>n</i> přirozených čísel, přičemž lichá a sudá čísla budou vypsána na střídačku ve dvou řádcích (viz ukázkový výstup). "]];[["python64","ZGVmIG9kZF9ldmVuKG4pOgogICAgZm9yIGkgaW4gcmFuZ2UoMSwgbik6CiAgICAgICAgaWYgaSAlIDIgPT0gMToKICAgICAgICAgICAgcHJpbnQoaSwgZW5kPSIgIikKICAgIHByaW50KCkK"]];[["python64","b2RkX2V2ZW4oMjApCg=="]];[["python64","ZGVmIG9kZF9ldmVuKG4pOgogICAgZm9yIGkgaW4gcmFuZ2UoMSwgbisxKToKICAgICAgICBpZiBpICUgMiA9PSAxOgogICAgICAgICAgICBwcmludChpLCBlbmQ9IiAiKQogICAgcHJpbnQoKQogICAgcHJpbnQoIiAiLCBlbmQ9IiIpCiAgICBmb3IgaSBpbiByYW5nZSgxLCBuKzEpOgogICAgICAgIGlmIGkgJSAyID09IDA6CiAgICAgICAgICAgIHByaW50KGksIGVuZD0iICIpCiAgICBwcmludCgpCg=="]];[["python64","b2RkX2V2ZW4oNSkK"],["python64","b2RkX2V2ZW4oMTApCg=="],["python64","b2RkX2V2ZW4oMTMpCg=="],["python64","b2RkX2V2ZW4oOCkK"],["python64","b2RkX2V2ZW4oMzMpCg=="]];0;1
44;Opakovaný šikmý nápis;[["html","Napište funkci <b>make_fancy(text, n)</b>, která vypíše <i>text</i> šikmo a navíc <i>n</i>-krát za sebou (viz ukázka). "]];[["python64","ZGVmIG1ha2VfZmFuY3kodGV4dCwgbik6CiAgICBwcmludCh0ZXh0KQo="]];[["python64","bWFrZV9mYW5jeSgiUFRBS09QWVNLIiwgMykgICAgICAgIAo="]];[["python64","ZGVmIG1ha2VfZmFuY3kodGV4dCwgbik6CiAgICBmb3IgaSBpbiByYW5nZShsZW4odGV4dCkpOgogICAgICAgIHByaW50KCIgIippICsgKHRleHRbaV0rIiAiKSpuKQo="]];[["python64","bWFrZV9mYW5jeSgiYWhvaiIsIDUpCg=="],["python64","bWFrZV9mYW5jeSgiYWdob29BTEhHSE8iLCA0KQo="],["python64","bWFrZV9mYW5jeSgiSEVMTE8iLCA4KQo="],["python64","bWFrZV9mYW5jeSgiS09TIiwgMTApCg=="],["python64","bWFrZV9mYW5jeSgiUGFyZHViaWNlIiwgMikK"],["python64","bWFrZV9mYW5jeSgiUHJhc2UiLCA4KQo="]];0;1
45;Výpisy součtů;[["html","Napište funkci <b>print_sums(n)</b>, která vypíše všechny způsoby, jak jde zadané číslo <i>n</i> vyjádřit jako součet dvou přirozených čísel."]];[["python64","ZGVmIHByaW50X3N1bXMobik6CiAgICBmb3IgaSBpbiByYW5nZShuKToKICAgICAgICBwcmludChuLCAiPSIsIGksICIrIiwgaSkK"]];[["python64","cHJpbnRfc3VtcygxMykgICAgICAgIAo="]];[["python64","ZGVmIHByaW50X3N1bXMobik6CiAgICBmb3IgaSBpbiByYW5nZSgxLCBuKToKICAgICAgICBwcmludChuLCAiPSIsIGksICIrIiwgbi1pKQo="]];[["python64","cHJpbnRfc3VtcygxMCkK"],["python64","cHJpbnRfc3VtcygyMCkK"],["python64","cHJpbnRfc3VtcygyKQo="],["python64","cHJpbnRfc3Vtcyg4KQo="],["python64","cHJpbnRfc3VtcygyNykK"],["python64","cHJpbnRfc3Vtcyg3KQo="]];0;1
46;Výpisy součinů;[["html","Napište funkci <b>print_products(n)</b>, která vypíše všechny způsoby, jak jde zadané číslo <i>n</i> vyjádřit jako součin dvou přirozených čísel. "]];[["python64","ZGVmIHByaW50X3Byb2R1Y3RzKG4pOgogICAgcHJpbnQobikK"]];[["python64","cHJpbnRfcHJvZHVjdHMoMzYpCg=="]];[["python64","ZGVmIHByaW50X3Byb2R1Y3RzKG4pOgogICAgZm9yIGkgaW4gcmFuZ2UoMSwgbisxKToKICAgICAgICBpZiBuICUgaSA9PSAwOgogICAgICAgICAgICBwcmludChuLCAiPSIsIGksICIqIiwgbi8vaSkK"]];[["python64","cHJpbnRfcHJvZHVjdHMoMTUpCg=="],["python64","cHJpbnRfcHJvZHVjdHMoMjQpCg=="],["python64","cHJpbnRfcHJvZHVjdHMoNykK"],["python64","cHJpbnRfcHJvZHVjdHMoMjEpCg=="],["python64","cHJpbnRfcHJvZHVjdHMoODEpCg=="],["python64","cHJpbnRfcHJvZHVjdHMoNjQpCg=="],["python64","cHJpbnRfcHJvZHVjdHMoNjApCg=="]];0;1