1;root{Module{FunctionDef{Return{}, }, }, }
1;root{Module{FunctionDef{Return{Mult{}, Add{}, Div{}, }, }, }, }
1;root{Module{FunctionDef{Assign{}, For{Call{Add{}, }, AugAssign{Add{}, }, }, Return{}, }, }, }
1;root{Module{FunctionDef{Return{Call{Call{Add{}, }, }, }, }, }, }
1;root{Module{FunctionDef{Assign{}, For{Call{Add{}, }, Assign{Add{}, }, }, Return{}, }, }, }
1;root{Module{FunctionDef{Return{IfExp{Add{}, Call{Sub{}, }, }, }, }, }, }
1;root{Module{FunctionDef{If{Compare{Gt{}, }, Return{Add{}, Call{Sub{}, }, }, Return{}, }, }, }, }
1;root{Module{FunctionDef{Assign{}, For{Call{Add{}, }, AugAssign{Add{}, }, }, Return{}, }, }, }
1;root{Module{FunctionDef{For{Call{}, Assign{Add{}, }, }, Return{}, }, }, }
1;root{Module{FunctionDef{For{Call{}, Assign{Add{}, }, }, Return{}, }, }, }
1;root{Module{FunctionDef{Assign{}, For{Call{Add{}, }, Assign{Add{}, }, }, Return{}, }, }, }
1;root{Module{FunctionDef{Return{Mult{}, Add{}, Div{}, }, }, }, }
1;root{Module{FunctionDef{Return{Mult{}, Add{}, Div{}, }, }, }, }
1;root{Module{FunctionDef{For{Call{}, AugAssign{Add{}, }, }, Return{}, }, }, }
1;root{Module{FunctionDef{Return{Call{Call{Add{}, }, }, }, }, }, }
1;root{Module{FunctionDef{Return{Call{Call{Add{}, }, }, }, }, }, }
1;root{Module{FunctionDef{Assign{}, For{Call{Add{}, }, AugAssign{Add{}, }, }, Return{}, }, }, }
1;root{Module{FunctionDef{Return{Add{}, Mult{}, Div{}, }, }, }, }
1;root{Module{FunctionDef{Return{Mult{}, Add{}, Div{}, }, }, }, }
1;root{Module{FunctionDef{Assign{}, For{Call{Add{}, }, AugAssign{Add{}, }, }, Return{}, }, }, }
1;root{Module{FunctionDef{Assign{}, For{Call{Add{}, }, AugAssign{Add{}, }, }, Return{}, }, }, }
1;root{Module{FunctionDef{For{Call{}, Assign{Add{}, }, }, Return{}, }, }, }
1;root{Module{FunctionDef{If{Compare{Lt{}, }, Return{}, }, Return{Add{}, Call{Sub{}, }, }, }, }, }
1;root{Module{FunctionDef{Return{}, }, }, }
1;root{Module{FunctionDef{If{Return{}, }, Return{}, }, }, }
1;root{Module{FunctionDef{If{Return{}, Assign{Add{}, Call{Sub{}, }, }, }, Return{}, }, }, }
1;root{Module{FunctionDef{Assign{}, For{Call{Add{}, }, Assign{Add{}, }, }, Return{}, }, }, }
1;root{Module{FunctionDef{Assign{}, For{Call{Add{}, }, Assign{Add{}, }, }, Print{}, }, }, }
1;root{Module{FunctionDef{Assign{}, For{Call{Add{}, }, Assign{Add{}, }, }, Return{}, }, }, }
1;root{Module{FunctionDef{If{Compare{Lt{}, }, Return{}, Return{Add{}, Call{Sub{}, }, }, }, }, }, }
1;root{Module{FunctionDef{Assign{}, For{Call{Add{}, }, Assign{Add{}, }, }, }, Return{}, }, }
1;root{Module{FunctionDef{Assign{}, For{Call{Add{}, }, Assign{Add{}, }, }, Return{}, }, }, }
1;root{Module{FunctionDef{Assign{}, For{Call{Add{}, }, If{Compare{GtE{}, }, AugAssign{Add{}, }, Assign{}, }, }, Return{}, }, }, }
1;root{Module{FunctionDef{Return{Mult{}, Add{}, Div{}, }, }, }, }
1;root{Module{FunctionDef{Return{Mult{}, Add{}, FloorDiv{}, }, }, }, }
1;root{Module{FunctionDef{If{Compare{NotEq{}, }, Return{Add{}, Call{Sub{}, }, }, Return{}, }, }, }, }
1;root{Module{FunctionDef{Assign{}, For{Call{Add{}, }, AugAssign{Add{}, }, }, Return{}, }, }, }
1;root{Module{FunctionDef{Assign{}, For{Call{Add{}, }, Assign{Add{}, }, }, Return{}, }, }, }
1;root{Module{FunctionDef{Return{Mult{}, Add{}, Div{}, }, }, }, }
1;root{Module{FunctionDef{If{Return{}, }, Return{Add{}, Call{Sub{}, }, }, }, }, }
1;root{Module{FunctionDef{Assign{}, For{Call{Add{}, }, AugAssign{Add{}, }, }, Return{}, }, }, }
1;root{Module{FunctionDef{Assign{}, For{Call{Add{}, }, AugAssign{Add{}, }, }, Return{}, }, }, }
1;root{Module{FunctionDef{If{Return{}, Return{Add{}, Call{Sub{}, }, }, }, }, }, }
1;root{Module{FunctionDef{Assign{}, For{Call{Add{}, }, Assign{Add{}, }, }, Return{}, }, }, }
1;root{Module{FunctionDef{If{Return{}, }, Return{Add{}, Call{Sub{}, }, }, }, }, }
1;root{Module{FunctionDef{For{Call{}, AugAssign{Add{}, }, }, Return{}, }, }, }
1;root{Module{FunctionDef{Return{Call{Call{Add{}, }, }, }, }, }, }
1;root{Module{FunctionDef{Return{Add{}, Mult{}, Div{}, }, }, }, }
1;root{Module{FunctionDef{Return{Add{}, Mult{}, Div{}, }, }, }, }
1;root{Module{FunctionDef{For{Call{}, Assign{Add{}, }, }, Return{}, }, }, }
1;root{Module{FunctionDef{Assign{}, For{Call{Add{}, }, AugAssign{Add{}, }, }, Return{}, }, }, }
1;root{Module{FunctionDef{Return{Div{}, Mult{}, Mult{}, Sub{}, }, }, }, }
1;root{Module{FunctionDef{Return{FloorDiv{}, Mult{}, Mult{}, Sub{}, }, }, }, }
1;root{Module{FunctionDef{Return{Mult{}, Sub{}, Div{}, }, }, }, }
1;root{Module{FunctionDef{Return{Mult{}, Add{}, Div{}, }, }, }, }
1;root{Module{FunctionDef{Assign{}, For{Call{}, AugAssign{Add{}, }, }, Return{}, }, }, }
1;root{Module{FunctionDef{Assign{}, For{Call{Add{}, }, AugAssign{Add{}, }, }, Return{}, }, }, }
1;root{Module{FunctionDef{Assign{}, For{Call{Add{}, }, Assign{Add{}, }, }, Return{}, }, }, }
1;root{Module{FunctionDef{Return{Mult{}, Add{}, Div{}, }, }, }, }
1;root{Module{FunctionDef{Return{IfExp{Add{}, Call{Sub{}, }, }, }, }, }, }
1;root{Module{FunctionDef{If{Compare{Gt{}, }, Return{Add{}, Call{Sub{}, }, }, Return{}, }, }, }, }
1;root{Module{FunctionDef{Return{Call{Call{Add{}, }, }, }, }, }, }
1;root{Module{FunctionDef{For{Call{}, AugAssign{Add{}, }, }, Return{}, }, }, }
1;root{Module{FunctionDef{If{Return{}, }, Return{Add{}, Call{Sub{}, }, }, }, }, }
1;root{Module{FunctionDef{Return{Call{Call{Add{}, }, }, }, }, }, }
1;root{Module{FunctionDef{Return{Call{Call{Add{}, }, }, }, }, }, }
1;root{Module{FunctionDef{Assign{}, For{Call{Add{}, }, Assign{Add{}, }, }, Return{}, }, }, }
1;root{Module{FunctionDef{Assign{}, For{Call{}, Assign{Add{}, }, }, Return{}, }, }, }
1;root{Module{FunctionDef{If{Return{}, }, Return{Add{}, Call{Sub{}, }, }, }, }, }
1;root{Module{FunctionDef{Assign{}, For{Call{Add{}, }, Assign{Add{}, }, }, Return{}, }, }, }
1;root{Module{FunctionDef{Assign{}, For{Call{Add{}, }, Assign{Add{}, }, }, Return{}, }, }, }
1;root{Module{FunctionDef{Assign{}, For{Call{}, AugAssign{Add{}, }, }, Return{}, }, }, }
1;root{Module{FunctionDef{Assign{}, For{Call{Add{}, }, AugAssign{Add{}, }, }, Return{}, }, }, }
1;root{Module{FunctionDef{For{AugAssign{Add{}, }, Expr{Add{}, }, Return{}, }, }, }, }
1;root{Module{FunctionDef{For{AugAssign{Add{}, }, AugAssign{Add{}, }, Return{}, }, }, }, }
1;root{Module{FunctionDef{For{Assign{Mult{}, }, Assign{Add{}, }, Return{}, }, }, }, }
1;root{Module{Assign{}, Assign{}, FunctionDef{For{Assign{Mult{}, }, Assign{Add{}, }, Return{}, }, }, }, }
1;root{Module{FunctionDef{Assign{}, For{Call{Add{}, }, AugAssign{Add{}, }, }, Return{}, }, }, }
1;root{Module{FunctionDef{Assign{}, For{Call{Add{}, }, AugAssign{Add{}, }, }, Return{}, }, }, }
1;root{Module{FunctionDef{Return{Mult{}, Add{}, Div{}, }, }, }, }
1;root{Module{FunctionDef{For{Call{}, Assign{Add{}, }, }, Return{}, }, }, }
1;root{Module{FunctionDef{If{Return{}, Return{Add{}, Call{Sub{}, }, }, }, }, }, }
1;root{Module{FunctionDef{Assign{}, For{Call{Add{}, }, AugAssign{Add{}, }, }, Return{}, }, }, }
1;root{Module{FunctionDef{Assign{}, Assign{}, For{Call{}, Assign{Add{}, }, Assign{Add{}, }, }, Return{}, }, }, }
1;root{Module{FunctionDef{If{Return{}, Return{Add{}, Call{Sub{}, }, }, }, }, }, }
1;root{Module{FunctionDef{Assign{}, For{Call{Add{}, }, AugAssign{Add{}, }, }, Return{}, }, }, }
1;root{Module{FunctionDef{Return{Call{Call{Add{}, }, }, }, }, }, }
1;root{Module{FunctionDef{Assign{}, For{Call{Add{}, }, AugAssign{Add{}, }, }, Return{}, }, }, }
1;root{Module{FunctionDef{If{Compare{LtE{}, }, Return{}, Return{Add{}, Call{Sub{}, }, }, }, }, }, }
1;root{Module{FunctionDef{If{Return{}, }, Return{Call{Sub{}, }, Add{}, }, }, }, }
1;root{Module{FunctionDef{If{Compare{Gt{}, }, Return{Add{}, Call{Sub{}, }, }, Return{}, }, }, }, }
1;root{Module{FunctionDef{Assign{}, For{Call{Add{}, }, Assign{Add{}, }, }, Return{}, }, }, }
1;root{Module{FunctionDef{Return{Call{Call{Add{}, }, }, }, }, }, }
1;root{Module{FunctionDef{Return{Call{Call{Add{}, }, }, }, }, }, }
1;root{Module{FunctionDef{For{Call{}, AugAssign{Add{}, }, }, Return{}, }, }, }
1;root{Module{FunctionDef{Assign{}, For{Call{Add{}, }, Assign{Add{}, }, }, Return{}, }, }, }
1;root{Module{FunctionDef{If{Compare{Gt{}, }, Return{Add{}, Call{Sub{}, }, }, Return{}, }, }, }, }
1;root{Module{FunctionDef{Return{Mult{}, Add{}, Div{}, }, }, }, }
1;root{Module{FunctionDef{Assign{}, For{Call{Add{}, }, AugAssign{Add{}, }, }, Return{}, }, }, }
1;root{Module{FunctionDef{Assign{}, For{Call{Add{}, }, Assign{Add{}, }, }, Return{}, }, }, }
1;root{Module{FunctionDef{Assign{}, For{Call{Add{}, }, AugAssign{Add{}, }, }, Return{}, }, }, }
1;root{Module{FunctionDef{For{Call{}, AugAssign{Add{}, }, }, Return{}, }, }, }
1;root{Module{FunctionDef{Assign{}, For{Call{Add{}, }, AugAssign{Add{}, }, }, Return{}, }, }, }
1;root{Module{FunctionDef{Return{Add{}, Mult{}, Div{}, }, }, }, }
1;root{Module{FunctionDef{Assign{Call{Call{Add{}, }, }, }, Return{}, }, }, }
1;root{Module{FunctionDef{Assign{}, Assign{}, While{Compare{LtE{}, }, Assign{Add{}, }, Assign{Add{}, }, }, Return{}, }, }, }
1;root{Module{FunctionDef{Assign{}, For{Call{Add{}, }, AugAssign{Add{}, }, }, Return{}, }, }, }
1;root{Module{FunctionDef{Assign{}, For{Call{Add{}, }, Assign{Add{}, }, }, Return{}, }, }, }
1;root{Module{FunctionDef{Assign{}, For{Call{Add{}, }, AugAssign{Add{}, }, }, Return{}, }, }, }
1;root{Module{FunctionDef{For{Call{}, AugAssign{Add{}, }, }, Return{}, }, }, }
1;root{Module{FunctionDef{Assign{}, Assign{}, While{Compare{LtE{}, }, AugAssign{Add{}, }, AugAssign{Add{}, }, }, Return{}, }, }, }
1;root{Module{FunctionDef{For{Call{}, AugAssign{Add{}, }, }, Return{}, }, }, }
1;root{Module{FunctionDef{Assign{}, For{Call{Add{}, }, Assign{Add{}, }, }, Return{}, }, }, }
1;root{Module{FunctionDef{Assign{}, For{Call{Add{}, }, AugAssign{Add{}, }, }, Return{}, }, }, }
1;root{Module{FunctionDef{Assign{}, For{Call{Add{}, }, AugAssign{Add{}, }, }, Return{}, }, }, }
1;root{Module{FunctionDef{Assign{}, For{Call{Add{}, }, AugAssign{Add{}, }, }, Return{}, }, }, }
1;root{Module{FunctionDef{Assign{}, For{Call{Add{}, }, AugAssign{Add{}, }, }, Return{}, }, }, }
1;root{Module{FunctionDef{Assign{}, For{Call{Add{}, }, AugAssign{Add{}, }, }, Return{}, }, }, }
1;root{Module{FunctionDef{Assign{}, For{Call{Add{}, }, Assign{Add{}, }, }, Return{}, }, }, }
1;root{Module{FunctionDef{Assign{}, For{Call{Add{}, }, AugAssign{Add{}, }, }, Return{}, }, }, }
1;root{Module{FunctionDef{Assign{}, For{Call{Add{}, }, AugAssign{Add{}, }, }, Return{}, }, }, }
1;root{Module{FunctionDef{Assign{}, For{Call{Add{}, }, AugAssign{Add{}, }, }, Return{}, }, }, }
1;root{Module{FunctionDef{Assign{}, For{Call{}, AugAssign{Add{}, Add{}, }, }, Return{}, }, }, }
1;root{Module{FunctionDef{Assign{}, For{Call{Add{}, }, AugAssign{Add{}, }, }, Return{}, }, }, }
1;root{Module{FunctionDef{Assign{}, For{Call{Add{}, }, Assign{Add{}, }, }, Return{}, }, }, }
1;root{Module{FunctionDef{Assign{}, For{Call{Add{}, }, AugAssign{Add{}, }, }, Return{}, }, }, }
1;root{Module{FunctionDef{Assign{}, For{Call{Add{}, }, AugAssign{Add{}, }, }, Return{}, }, }, }
1;root{Module{FunctionDef{Assign{}, For{Call{Add{}, }, Assign{Add{}, }, }, Return{}, }, }, }
1;root{Module{FunctionDef{Assign{}, For{Call{}, While{Compare{Gt{}, }, Assign{Add{}, }, Assign{Sub{}, }, }, }, Return{}, }, }, }
1;root{Module{FunctionDef{Assign{}, For{Call{Add{}, }, Assign{Add{}, }, }, Return{}, }, }, }
1;root{Module{FunctionDef{Assign{}, For{Call{}, AugAssign{Add{}, Add{}, }, }, Return{}, }, }, }
1;root{Module{FunctionDef{Assign{}, For{Call{Add{}, }, Assign{Add{}, }, }, Return{}, }, }, }
1;root{Module{FunctionDef{Assign{}, For{Call{Add{}, }, AugAssign{Add{}, }, }, Return{}, }, }, }
1;root{Module{FunctionDef{Assign{}, For{Call{Add{}, }, AugAssign{Add{}, }, }, Return{}, }, }, }
1;root{Module{FunctionDef{Assign{}, For{Call{Add{}, }, AugAssign{Add{}, }, }, Return{}, }, }, }
1;root{Module{FunctionDef{Assign{}, For{Call{Add{}, }, Assign{Add{}, }, }, Return{}, }, }, }
1;root{Module{FunctionDef{Assign{}, For{Call{Add{}, }, AugAssign{Add{}, }, }, Return{}, }, }, }
1;root{Module{FunctionDef{Assign{}, For{Call{Add{}, }, Assign{Add{}, }, }, Return{}, }, }, }
1;root{Module{FunctionDef{If{Return{}, Return{Add{}, Call{Sub{}, }, }, }, }, }, }
1;root{Module{FunctionDef{Assign{}, For{Call{Add{}, }, Assign{Add{}, }, }, Return{}, }, }, }
1;root{Module{FunctionDef{Assign{}, For{Call{Add{}, }, AugAssign{Add{}, }, }, Return{}, }, }, }
1;root{Module{FunctionDef{Assign{}, For{Call{Add{}, }, Assign{Add{}, }, }, Return{}, }, }, }
1;root{Module{FunctionDef{For{Call{Add{}, }, AugAssign{Add{}, }, }, Return{}, }, }, }
1;root{Module{FunctionDef{For{Call{Add{}, }, Assign{Add{}, }, }, Return{}, }, }, }
1;root{Module{FunctionDef{Assign{}, For{Call{Add{}, }, Assign{Add{}, }, }, Return{}, }, }, }
1;root{Module{FunctionDef{For{Call{}, AugAssign{Add{}, }, }, Return{}, }, }, }
1;root{Module{FunctionDef{Assign{}, For{Call{Add{}, }, Assign{Add{}, }, }, Return{}, }, }, }
1;root{Module{FunctionDef{Assign{}, For{Call{Add{}, }, Assign{Add{}, }, }, Return{}, }, }, }
1;root{Module{FunctionDef{For{Call{Add{}, }, Assign{Add{}, Sub{}, }, }, Return{}, }, }, }
1;root{Module{FunctionDef{Assign{}, For{Call{}, AugAssign{Add{}, }, }, Return{}, }, }, }
1;root{Module{FunctionDef{For{Call{}, AugAssign{Add{}, }, }, Return{}, }, }, }
1;root{Module{FunctionDef{Assign{}, For{Call{Add{}, }, AugAssign{Add{}, }, }, Return{}, }, }, }
1;root{Module{FunctionDef{Assign{}, For{Call{}, AugAssign{Add{}, Add{}, }, }, Return{}, }, }, }
1;root{Module{FunctionDef{For{Call{Add{}, }, Assign{Sub{}, Add{}, }, }, Return{}, }, }, }
1;root{Module{FunctionDef{Return{Call{Call{Add{}, }, }, }, }, }, }
1;root{Module{FunctionDef{Assign{}, For{Call{Add{}, }, Assign{Add{}, }, }, Return{}, }, }, }
1;root{Module{FunctionDef{For{Call{}, AugAssign{Add{}, }, }, Return{}, }, }, }
1;root{Module{FunctionDef{Assign{}, For{Call{Add{}, }, Assign{Add{}, }, }, Return{}, }, }, }
1;root{Module{FunctionDef{Assign{}, For{Call{Add{}, }, AugAssign{Add{}, }, }, Return{}, }, }, }
1;root{Module{FunctionDef{Assign{}, For{Call{Add{}, }, AugAssign{Add{}, }, }, Return{}, }, }, }
1;root{Module{FunctionDef{Assign{Mult{}, Add{}, Div{}, }, Return{}, }, }, }
1;root{Module{FunctionDef{Assign{}, For{Call{Add{}, }, AugAssign{Add{}, }, }, Return{}, }, }, }
1;root{Module{FunctionDef{Assign{}, For{Call{Add{}, }, AugAssign{Add{}, }, }, Return{}, }, }, }
1;root{Module{FunctionDef{Assign{}, For{Call{Add{}, }, AugAssign{Add{}, }, }, Return{}, }, }, }
1;root{Module{FunctionDef{Assign{}, For{Call{Add{}, }, AugAssign{Add{}, }, }, Return{}, }, }, }
1;root{Module{FunctionDef{For{Call{}, AugAssign{Add{}, }, }, Return{}, }, }, }
1;root{Module{FunctionDef{Assign{}, Assign{}, While{Compare{LtE{}, }, AugAssign{Add{}, }, AugAssign{Add{}, }, }, Return{}, }, }, }
1;root{Module{FunctionDef{For{Call{}, AugAssign{Add{}, }, }, Return{}, }, }, }
1;root{Module{FunctionDef{Return{Mult{}, Sub{}, }, }, }, }
1;root{Module{FunctionDef{Return{Add{}, Mult{}, Div{}, }, }, }, }
1;root{Module{FunctionDef{Assign{}, For{Call{Add{}, }, AugAssign{Add{}, }, }, Return{}, }, }, }
1;root{Module{FunctionDef{Assign{}, For{Call{Add{}, }, Assign{Add{}, }, }, Return{}, }, }, }
1;root{Module{FunctionDef{Assign{}, For{Call{Add{}, }, Assign{Add{}, }, }, Return{}, }, }, }
1;root{Module{FunctionDef{Assign{}, For{Call{Add{}, }, AugAssign{Add{}, }, }, Return{}, }, }, }
1;root{Module{FunctionDef{Assign{}, For{Call{Add{}, }, Assign{Add{}, }, }, Return{}, }, }, }
1;root{Module{FunctionDef{If{Return{}, Return{Add{}, Call{Sub{}, }, }, }, }, }, }
1;root{Module{FunctionDef{Assign{}, For{Call{Add{}, }, Assign{Add{}, }, }, Return{}, }, }, }
1;root{Module{FunctionDef{Assign{}, For{Call{Add{}, }, AugAssign{Add{}, }, }, Return{}, }, }, }
1;root{Module{FunctionDef{If{Return{}, Return{Add{}, Call{Sub{}, }, }, }, }, }, }
1;root{Module{FunctionDef{Return{Div{}, Mult{}, Mult{}, Add{}, }, }, }, }
1;root{Module{FunctionDef{For{Call{}, Assign{Add{}, }, }, Return{}, }, }, }
1;root{Module{FunctionDef{Assign{}, For{Call{Add{}, }, AugAssign{Add{}, }, }, Return{}, }, }, }
1;root{Module{FunctionDef{Assign{}, For{Call{Add{}, }, AugAssign{Add{}, }, }, Return{}, }, }, }
1;root{Module{FunctionDef{For{Call{}, Assign{Add{}, }, }, Return{}, }, }, }
1;root{Module{FunctionDef{Return{Mult{}, Add{}, Div{}, }, }, }, }
1;root{Module{FunctionDef{Assign{}, For{Call{Add{}, }, Assign{Add{}, }, }, Return{}, }, }, }
1;root{Module{FunctionDef{Assign{}, For{Call{Add{}, }, Assign{Add{}, }, }, Return{}, }, }, }
1;root{Module{FunctionDef{Assign{}, For{Call{Add{}, }, AugAssign{Add{}, }, }, Return{}, }, }, }
1;root{Module{FunctionDef{Assign{}, For{Call{Add{}, }, Assign{Add{}, }, }, Return{}, }, }, }
1;root{Module{FunctionDef{Assign{}, For{Call{Add{}, }, AugAssign{Add{}, }, }, Return{}, }, }, }
1;root{Module{FunctionDef{Assign{}, Assign{}, While{Compare{Sub{}, Lt{}, }, Assign{Add{}, }, Assign{Add{}, }, }, Return{}, }, }, }
1;root{Module{FunctionDef{For{Call{}, Assign{Add{}, }, }, Return{}, }, }, }
1;root{Module{FunctionDef{If{Return{}, Return{Add{}, Call{Sub{}, }, }, }, }, }, }
1;root{Module{FunctionDef{If{Return{}, }, Return{Call{Sub{}, }, Add{}, }, }, }, }
1;root{Module{FunctionDef{Assign{}, Assign{}, For{Call{Add{}, }, AugAssign{Add{}, }, AugAssign{Add{}, }, }, Return{}, }, }, }
1;root{Module{FunctionDef{Assign{}, For{Call{Add{}, }, Assign{Add{}, }, }, Return{}, }, }, }
1;root{Module{FunctionDef{Assign{}, For{Call{}, Assign{Add{}, }, Assign{Add{}, }, }, Return{}, }, }, }
1;root{Module{FunctionDef{Assign{}, For{Call{Add{}, }, AugAssign{Add{}, }, }, Return{}, }, }, }
1;root{Module{FunctionDef{Assign{}, For{Call{Add{}, }, Assign{Add{}, }, }, Return{}, }, }, }
1;root{Module{FunctionDef{Assign{}, For{Call{Add{}, }, Assign{Add{}, }, }, Return{}, }, }, }
1;root{Module{FunctionDef{Assign{}, For{Call{Add{}, }, AugAssign{Add{}, }, }, Return{}, }, }, }
1;root{Module{FunctionDef{Return{Mult{}, Add{}, Div{}, }, }, }, }
1;root{Module{FunctionDef{Assign{}, For{Call{Add{}, }, Assign{Add{}, }, }, Return{}, }, }, }
1;root{Module{FunctionDef{For{Call{}, Assign{Add{}, }, }, Return{}, }, }, }
1;root{Module{FunctionDef{If{Compare{NotEq{}, }, Return{Add{}, Call{Sub{}, }, }, Return{}, }, }, }, }
1;root{Module{FunctionDef{If{Return{}, Return{Add{}, Call{Sub{}, }, }, }, }, }, }
1;root{Module{FunctionDef{Assign{}, For{Call{Add{}, }, Assign{Add{}, }, }, Return{}, }, }, }
1;root{Module{FunctionDef{Assign{}, For{Call{}, Assign{Add{}, }, }, Return{}, }, }, }
1;root{Module{FunctionDef{Assign{}, For{Call{}, Assign{Add{}, }, }, Return{}, }, }, }
1;root{Module{FunctionDef{Assign{}, For{Call{Add{}, }, Assign{Add{}, }, }, Return{}, }, }, }
1;root{Module{FunctionDef{Assign{}, For{Call{}, Assign{Add{}, }, }, Return{}, }, }, }
1;root{Module{FunctionDef{Assign{}, For{Call{Add{}, }, Assign{Add{}, }, }, Return{}, }, }, }
1;root{Module{FunctionDef{Assign{ListComp{comprehension{Call{Add{}, }, }, }, }, Return{Call{}, }, }, }, }
1;root{Module{FunctionDef{Assign{}, For{Call{Add{}, }, Assign{Add{}, }, }, Return{}, }, }, }
1;root{Module{FunctionDef{Assign{}, Assign{}, For{Call{}, Assign{Add{}, }, Assign{Sub{}, }, }, Print{}, }, }, }
1;root{Module{FunctionDef{Assign{}, Assign{}, For{Call{}, Assign{Add{}, }, Assign{Sub{}, }, }, Return{}, }, }, }
1;root{Module{FunctionDef{Assign{}, For{Call{Add{}, }, AugAssign{Add{}, }, }, Return{}, }, }, }
1;root{Module{FunctionDef{Assign{}, For{Call{Add{}, }, AugAssign{Add{}, }, }, Return{}, }, }, }
1;root{Module{FunctionDef{Assign{}, For{Call{Add{}, }, AugAssign{Add{}, }, }, Return{}, }, }, }
1;root{Module{FunctionDef{Return{Mult{}, Add{}, Mult{}, }, }, }, }
1;root{Module{FunctionDef{Assign{}, For{Call{Add{}, }, Assign{Add{}, }, }, Return{}, }, }, }
1;root{Module{FunctionDef{Assign{}, For{Call{Add{}, }, Assign{Add{}, }, }, Return{}, }, }, }
1;root{Module{FunctionDef{Assign{}, For{Call{Add{}, }, AugAssign{Add{}, }, }, Return{}, }, }, }
1;root{Module{FunctionDef{Assign{}, For{Call{Add{}, }, Assign{Add{}, }, }, Return{}, }, }, }
1;root{Module{FunctionDef{Return{Add{}, Mult{}, Div{}, }, }, }, }
1;root{Module{FunctionDef{For{Call{}, Assign{Add{}, }, }, Return{}, }, }, }
1;root{Module{FunctionDef{Return{Mult{}, Add{}, Div{}, }, }, }, }
1;root{Module{FunctionDef{For{Call{}, AugAssign{Add{}, }, }, Return{}, }, }, }
1;root{Module{FunctionDef{For{Call{}, Assign{Add{}, }, }, Return{}, }, }, }
1;root{Module{FunctionDef{Assign{}, For{Call{Add{}, }, AugAssign{Add{}, }, }, Return{}, }, }, }
1;root{Module{FunctionDef{Assign{}, For{Call{Add{}, }, Assign{Add{}, }, }, Return{}, }, }, }
1;root{Module{FunctionDef{Assign{}, For{Call{Add{}, }, AugAssign{Add{}, }, }, Return{}, }, }, }
1;root{Module{FunctionDef{Return{Call{Call{Add{}, }, }, }, }, }, }
1;root{Module{FunctionDef{Assign{Call{}, }, For{Call{}, Assign{Add{}, }, }, Return{Add{}, }, }, }, }
1;root{Module{FunctionDef{Assign{}, For{Call{Add{}, }, Assign{Add{}, }, }, Return{}, }, }, }
1;root{Module{FunctionDef{Assign{}, While{Compare{Gt{}, }, Assign{Add{}, }, Assign{Sub{}, }, }, Return{}, }, }, }
1;root{Module{FunctionDef{Assign{}, For{Call{Add{}, }, Assign{Add{}, }, }, Return{}, }, }, }
1;root{Module{FunctionDef{Assign{}, While{Compare{Gt{}, }, Assign{Add{}, }, Assign{Sub{}, }, }, Return{}, }, }, }
1;root{Module{FunctionDef{Assign{}, For{Call{Add{}, }, Assign{Add{}, }, }, Return{}, }, }, }
1;root{Module{FunctionDef{Assign{}, For{Call{Add{}, }, AugAssign{Add{}, }, }, Return{}, }, }, }
1;root{Module{FunctionDef{Assign{}, For{Call{Add{}, }, AugAssign{Add{}, }, }, Return{}, }, }, }
1;root{Module{FunctionDef{Assign{}, For{Call{Add{}, }, AugAssign{Add{}, }, }, Return{}, }, }, }
1;root{Module{FunctionDef{If{Compare{LtE{}, }, Return{}, Return{Add{}, Call{Sub{}, }, }, }, }, }, }
1;root{Module{FunctionDef{Assign{}, For{Call{Add{}, }, Assign{Add{}, }, }, Return{}, }, }, }
1;root{Module{FunctionDef{Assign{}, For{Call{}, AugAssign{Add{}, }, }, Return{}, }, }, }
1;root{Module{FunctionDef{Assign{}, For{Call{Add{}, }, AugAssign{Add{}, }, }, Return{}, }, }, }
1;root{Module{FunctionDef{Assign{}, For{Call{Add{}, }, AugAssign{Add{}, }, }, Return{}, }, }, }
1;root{Module{FunctionDef{If{Return{}, Return{Add{}, Call{Sub{}, }, }, }, }, }, }
1;root{Module{FunctionDef{Assign{}, For{Call{Add{}, }, AugAssign{Add{}, }, }, Return{}, }, }, }
1;root{Module{FunctionDef{Assign{}, For{Call{Add{}, }, Assign{Add{}, }, }, Return{}, }, }, }
1;root{Module{FunctionDef{If{Return{}, }, Return{Add{}, Call{Sub{}, }, }, }, }, }
1;root{Module{FunctionDef{Assign{}, For{Call{Add{}, }, Assign{Add{}, }, }, Return{}, }, }, }
1;root{Module{FunctionDef{Return{Call{Call{Add{}, }, }, }, }, }, }
1;root{Module{FunctionDef{Assign{}, For{Call{Add{}, }, AugAssign{Add{}, }, }, Return{}, }, }, }
1;root{Module{FunctionDef{Assign{}, For{Call{Add{}, }, AugAssign{Add{}, }, }, Return{}, }, }, }
1;root{Module{FunctionDef{For{Call{}, AugAssign{Add{}, }, }, Return{}, }, }, }
1;root{Module{FunctionDef{Assign{}, For{Call{Add{}, }, Assign{Add{}, }, }, Return{}, }, }, }
1;root{Module{FunctionDef{Assign{}, While{Compare{Gt{}, }, AugAssign{Add{}, }, AugAssign{Sub{}, }, }, Return{}, }, }, }
1;root{Module{FunctionDef{Assign{}, For{Call{Add{}, }, Assign{Add{}, }, }, Return{}, }, }, }
1;root{Module{FunctionDef{Assign{Call{Call{Add{}, }, }, }, Return{}, }, }, }
1;root{Module{FunctionDef{Assign{}, For{Call{Add{}, }, AugAssign{Add{}, }, }, Return{}, }, }, }
1;root{Module{FunctionDef{Assign{}, For{Call{Add{}, }, AugAssign{Add{}, }, }, Return{}, }, }, }
1;root{Module{FunctionDef{Assign{}, For{Call{Add{}, }, AugAssign{Add{}, }, }, Return{}, }, }, }
1;root{Module{FunctionDef{Assign{}, For{Call{Add{}, }, AugAssign{Add{}, }, }, Return{}, }, }, }
1;root{Module{FunctionDef{Return{Call{Call{Add{}, }, }, }, }, }, }
1;root{Module{FunctionDef{Return{Mult{}, Add{}, Div{}, }, }, }, }
1;root{Module{FunctionDef{Assign{}, For{Call{Add{}, }, AugAssign{Add{}, }, }, Return{}, }, }, }
1;root{Module{FunctionDef{Return{Call{Call{Add{}, }, }, }, }, }, }
1;root{Module{FunctionDef{Assign{}, For{Call{Add{}, }, AugAssign{Add{}, }, }, Return{}, }, }, }
1;root{Module{FunctionDef{For{Call{}, AugAssign{Add{}, }, }, Return{}, }, }, }
1;root{Module{FunctionDef{Assign{}, For{Call{Add{}, }, Assign{Add{}, }, }, Return{}, }, }, }
1;root{Module{FunctionDef{Assign{}, For{Call{Add{}, }, AugAssign{Add{}, }, }, Return{}, }, }, }
1;root{Module{FunctionDef{Assign{}, For{Call{Add{}, }, AugAssign{Add{}, }, }, Return{}, }, }, }
1;root{Module{FunctionDef{Assign{}, For{Call{Add{}, }, Assign{Add{}, }, }, Return{}, }, }, }
1;root{Module{FunctionDef{Assign{}, For{Call{Add{}, }, AugAssign{Add{}, }, }, Return{}, }, }, }
1;root{Module{FunctionDef{Assign{}, For{Call{}, Assign{Add{}, Add{}, }, }, Return{}, }, }, }
1;root{Module{FunctionDef{Return{Mult{}, Add{}, Div{}, }, }, }, }
1;root{Module{FunctionDef{Assign{}, For{Call{Add{}, }, Assign{Add{}, }, }, Return{}, }, }, }
1;root{Module{FunctionDef{Assign{}, For{Call{Add{}, }, AugAssign{Add{}, }, }, Return{}, }, }, }
1;root{Module{FunctionDef{Assign{}, Assign{}, While{Compare{LtE{}, }, Assign{Add{}, }, Assign{Add{}, }, }, Return{}, }, }, }
1;root{Module{FunctionDef{Assign{}, For{Call{Add{}, }, Assign{Add{}, }, }, Return{}, }, }, }
1;root{Module{FunctionDef{Assign{}, For{Call{Add{}, }, AugAssign{Add{}, }, }, Return{}, }, }, }
1;root{Module{FunctionDef{For{Call{}, Assign{Add{}, }, }, Return{}, }, }, }
1;root{Module{FunctionDef{Assign{}, For{Call{Add{}, }, AugAssign{Add{}, }, }, Return{}, }, }, }
1;root{Module{FunctionDef{Assign{}, For{Call{Add{}, }, AugAssign{Add{}, }, }, Return{}, }, }, }
1;root{Module{FunctionDef{Assign{}, For{Call{Add{}, }, AugAssign{Add{}, }, }, Return{}, }, }, }
1;root{Module{FunctionDef{Return{Call{Call{Add{}, }, }, }, }, }, }
1;root{Module{FunctionDef{Assign{}, For{Call{Add{}, }, Assign{Add{}, }, }, Return{}, }, }, }
1;root{Module{FunctionDef{Assign{}, For{Call{Add{}, }, AugAssign{Add{}, }, }, Return{}, }, }, }
1;root{Module{FunctionDef{Assign{}, For{Call{Add{}, }, AugAssign{Add{}, }, }, Return{}, }, }, }
1;root{Module{FunctionDef{For{Call{}, AugAssign{Add{}, }, }, Return{}, }, }, }
1;root{Module{FunctionDef{Assign{}, For{Call{Add{}, }, AugAssign{Add{}, }, }, Return{}, }, }, }
1;root{Module{FunctionDef{Assign{}, For{Call{Add{}, }, Assign{Add{}, }, }, Return{}, }, }, }
1;root{Module{FunctionDef{Assign{}, For{Call{Add{}, }, Assign{Add{}, }, }, Return{}, }, }, }
1;root{Module{FunctionDef{Assign{}, For{Call{Add{}, }, AugAssign{Add{}, }, }, Return{}, }, }, }
1;root{Module{FunctionDef{Assign{}, For{Call{Add{}, }, AugAssign{Add{}, }, }, Return{}, }, }, }
1;root{Module{FunctionDef{If{Return{}, Assign{}, For{Call{Add{}, }, Assign{Add{}, }, }, }, Return{}, }, }, }
1;root{Module{FunctionDef{If{Return{}, Return{Add{}, Call{Sub{}, }, }, }, }, }, }
1;root{Module{FunctionDef{Assign{}, For{Call{Add{}, }, AugAssign{Add{}, }, }, Return{}, }, }, }
1;root{Module{FunctionDef{Assign{}, For{Call{Add{}, }, AugAssign{Add{}, }, }, Return{}, }, }, }
1;root{Module{FunctionDef{Assign{}, For{Call{Add{}, }, AugAssign{Add{}, }, }, Return{}, }, }, }
1;root{Module{FunctionDef{Assign{}, For{Call{Add{}, }, Assign{Add{}, }, }, Return{}, }, }, }
1;root{Module{FunctionDef{Assign{}, For{Call{Add{}, }, AugAssign{Add{}, }, }, Return{}, }, }, }
1;root{Module{FunctionDef{Assign{}, For{Call{Add{}, }, AugAssign{Add{}, }, }, Return{}, }, }, }
1;root{Module{FunctionDef{Assign{}, For{Call{Add{}, }, AugAssign{Add{}, }, }, Return{}, }, }, }
1;root{Module{FunctionDef{Assign{}, For{Call{}, AugAssign{Add{}, }, }, Return{}, }, }, }
1;root{Module{FunctionDef{Assign{}, For{Call{Add{}, }, AugAssign{Add{}, }, }, Return{}, }, }, }
1;root{Module{FunctionDef{Assign{}, For{Call{Add{}, }, AugAssign{Add{}, }, }, Return{}, }, }, }
1;root{Module{FunctionDef{Assign{}, For{Call{Add{}, }, AugAssign{Add{}, }, }, Return{}, }, }, }
1;root{Module{FunctionDef{Assign{}, While{Compare{Gt{}, }, Assign{Add{}, }, AugAssign{Sub{}, }, }, Return{}, }, }, }
1;root{Module{FunctionDef{Assign{}, For{Call{Add{}, }, AugAssign{Add{}, }, }, Return{}, }, }, }
1;root{Module{FunctionDef{Assign{}, For{Call{Add{}, }, AugAssign{Add{}, }, }, Return{}, }, }, }
1;root{Module{FunctionDef{Assign{}, For{Call{Add{}, }, AugAssign{Add{}, }, }, Return{}, }, }, }
1;root{Module{FunctionDef{Assign{}, For{Call{Add{}, }, AugAssign{Add{}, }, }, Return{}, }, }, }
1;root{Module{FunctionDef{Assign{}, For{Call{Add{}, }, AugAssign{Add{}, }, }, Return{}, }, }, }
1;root{Module{FunctionDef{Return{}, }, }, }
1;root{Module{FunctionDef{Assign{}, For{Call{Add{}, }, Assign{Add{}, }, }, Return{}, }, }, }
1;root{Module{FunctionDef{Assign{}, For{Call{}, AugAssign{Add{}, Add{}, }, }, Return{}, }, }, }
1;root{Module{FunctionDef{Assign{}, For{Call{Add{}, }, Assign{Add{}, }, }, Return{}, }, }, }
1;root{Module{FunctionDef{Assign{}, For{Call{Add{}, }, Assign{Add{}, }, }, Return{}, }, }, }
1;root{Module{FunctionDef{Assign{}, For{Call{Add{}, }, AugAssign{Add{}, }, }, Return{}, }, }, }
1;root{Module{FunctionDef{Assign{}, For{Call{Add{}, }, AugAssign{Add{}, }, }, Return{}, }, }, }
1;root{Module{FunctionDef{Assign{}, For{Call{Add{}, }, AugAssign{Add{}, }, }, Return{}, }, }, }
1;root{Module{FunctionDef{If{Return{}, }, Return{Add{}, Call{Sub{}, }, }, }, }, }
1;root{Module{FunctionDef{Assign{}, For{Call{Add{}, }, Assign{Add{}, }, }, Return{}, }, }, }
1;root{Module{FunctionDef{For{Call{}, AugAssign{Add{}, }, }, Return{}, }, }, }
1;root{Module{FunctionDef{Assign{}, For{Call{Add{}, }, Assign{Add{}, }, }, Return{}, }, }, }
1;root{Module{FunctionDef{Assign{}, For{Call{Add{}, }, AugAssign{Add{}, }, }, Return{}, }, }, }
1;root{Module{FunctionDef{Assign{}, For{Call{Add{}, }, AugAssign{Add{}, }, }, Return{}, }, }, }
1;root{Module{FunctionDef{Assign{}, For{Call{Add{}, }, Assign{Add{}, }, }, Return{}, }, }, }
1;root{Module{FunctionDef{Assign{}, While{Compare{Gt{}, }, Assign{Add{}, }, Assign{Sub{}, }, }, Return{}, }, }, }
1;root{Module{FunctionDef{Assign{}, For{Call{Add{}, }, AugAssign{Add{}, }, }, Return{}, }, }, }
1;root{Module{FunctionDef{If{Return{Add{}, }, Return{Call{Sub{}, Add{}, }, }, }, }, }, }
1;root{Module{FunctionDef{Assign{}, For{Call{Add{}, }, Assign{Add{}, }, }, Return{}, }, }, }
1;root{Module{FunctionDef{Assign{}, For{Call{Add{}, }, AugAssign{Add{}, }, }, Return{}, }, }, }
1;root{Module{FunctionDef{Assign{}, For{Call{Add{}, }, Assign{Add{}, }, }, Return{}, }, }, }
1;root{Module{FunctionDef{Assign{}, For{Call{Add{}, }, Assign{Add{}, }, }, Return{}, }, }, }
1;root{Module{FunctionDef{Assign{}, For{Call{Add{}, }, AugAssign{Add{}, }, }, Return{}, }, }, }
1;root{Module{FunctionDef{Assign{}, For{Call{Add{}, }, AugAssign{Add{}, }, }, Return{}, }, }, }
1;root{Module{FunctionDef{Assign{}, For{Call{Add{}, }, Assign{Add{}, }, }, Return{}, }, }, }
1;root{Module{FunctionDef{Assign{}, While{Compare{LtE{}, LtE{}, }, AugAssign{Sub{}, }, Assign{Add{}, }, }, Return{}, }, }, }
1;root{Module{FunctionDef{Assign{}, For{Call{Add{}, }, AugAssign{Add{}, }, }, Return{}, }, }, }
1;root{Module{FunctionDef{Assign{}, For{Call{Add{}, }, Assign{Add{}, }, }, Return{}, }, }, }
1;root{Module{FunctionDef{Assign{}, For{Call{Add{}, }, Assign{Add{}, }, }, Assign{}, Return{}, }, }, }
1;root{Module{FunctionDef{Assign{}, For{Call{Add{}, }, Assign{Add{}, }, }, Return{}, }, }, }
1;root{Module{FunctionDef{Assign{}, Assign{}, While{Compare{LtE{}, }, AugAssign{Add{}, }, AugAssign{Add{}, }, }, Return{}, }, }, }
1;root{Module{FunctionDef{Assign{}, Assign{}, For{Call{Add{}, }, Assign{Add{}, }, }, Return{}, }, }, }
1;root{Module{FunctionDef{Assign{}, For{Call{Add{}, }, AugAssign{Add{}, }, }, Return{}, }, }, }
1;root{Module{FunctionDef{Assign{}, For{Call{Add{}, }, AugAssign{Add{}, }, }, Return{}, }, }, }
1;root{Module{FunctionDef{Assign{}, For{Call{Add{}, }, Assign{Add{}, }, }, Return{}, }, }, }
1;root{Module{FunctionDef{Assign{}, For{Call{Add{}, }, AugAssign{Add{}, }, }, Return{}, }, }, }
1;root{Module{FunctionDef{Assign{}, For{Call{Add{}, }, AugAssign{Add{}, }, }, Return{}, }, }, }
1;root{Module{FunctionDef{Assign{}, For{Call{Add{}, }, Assign{Add{}, }, }, Return{}, }, }, }
1;root{Module{FunctionDef{Assign{}, For{Call{Add{}, }, Assign{Add{}, }, }, Return{}, }, }, }
1;root{Module{FunctionDef{Assign{}, For{Call{Add{}, }, Assign{Add{}, }, }, Return{}, }, }, }
1;root{Module{FunctionDef{Assign{}, For{Call{Add{}, }, AugAssign{Add{}, }, }, Return{}, }, }, }
1;root{Module{FunctionDef{Assign{}, For{Call{Add{}, }, AugAssign{Add{}, }, }, Return{}, }, }, }
1;root{Module{FunctionDef{For{Call{}, AugAssign{Add{}, }, }, Return{}, }, }, }
1;root{Module{FunctionDef{Assign{}, For{Call{Add{}, }, AugAssign{Add{}, }, }, Return{}, }, }, }
1;root{Module{FunctionDef{Assign{}, For{Call{Add{}, }, Assign{Add{}, }, }, Return{}, }, }, }
1;root{Module{FunctionDef{For{Call{}, Return{Add{}, Mult{}, Div{}, }, }, }, }, }
1;root{Module{FunctionDef{Assign{}, For{Call{Add{}, }, AugAssign{Add{}, }, }, Return{}, }, }, }
1;root{Module{FunctionDef{For{Call{}, Assign{Add{}, }, }, Return{}, }, }, }
1;root{Module{FunctionDef{Return{Mult{}, Add{}, Div{}, }, }, }, }
1;root{Module{FunctionDef{Assign{}, For{Call{Add{}, }, Assign{Add{}, }, }, Return{}, }, }, }
1;root{Module{FunctionDef{Assign{}, For{Call{Add{}, }, Assign{Add{}, }, }, Return{}, }, }, }
1;root{Module{FunctionDef{Return{Call{Call{Add{}, }, }, }, }, }, }
1;root{Module{FunctionDef{Return{Mult{}, Add{}, FloorDiv{}, }, }, }, }
1;root{Module{FunctionDef{Assign{}, For{Call{Add{}, }, AugAssign{Add{}, }, }, Return{}, }, }, }
1;root{Module{FunctionDef{Assign{}, For{Call{Add{}, }, Assign{Add{}, }, }, Return{}, }, }, }
1;root{Module{FunctionDef{Assign{List{}, }, For{Call{Add{}, }, Expr{Call{Attribute{}, }, }, }, Return{Call{}, }, }, }, }
1;root{Module{FunctionDef{Assign{}, For{Call{Add{}, }, AugAssign{Add{}, }, }, Return{}, }, }, }
1;root{Module{FunctionDef{Assign{}, For{Call{Add{}, }, AugAssign{Add{}, }, }, Return{}, }, }, }
1;root{Module{FunctionDef{Assign{}, For{Call{Add{}, }, AugAssign{Add{}, }, }, Return{}, }, }, }
1;root{Module{FunctionDef{Assign{}, For{Call{Add{}, }, AugAssign{Add{}, }, }, Return{}, }, }, }
1;root{Module{FunctionDef{Return{Mult{}, Add{}, FloorDiv{}, }, }, }, }
1;root{Module{FunctionDef{Assign{}, For{Call{Add{}, }, AugAssign{Add{}, }, }, Return{}, }, }, }
1;root{Module{FunctionDef{Return{Call{Call{Add{}, }, }, }, }, }, }
1;root{Module{FunctionDef{Assign{Mult{}, Add{}, Div{}, }, Return{}, }, }, }
1;root{Module{FunctionDef{Return{Mult{}, Add{}, Div{}, }, }, }, }
1;root{Module{FunctionDef{Return{Mult{}, Add{}, Div{}, }, }, }, }
1;root{Module{FunctionDef{Return{Call{Call{Add{}, }, }, }, }, }, }
1;root{Module{FunctionDef{Return{Mult{}, Add{}, Div{}, }, }, }, }
1;root{Module{FunctionDef{Assign{}, For{Call{}, Assign{Add{}, }, }, Return{}, }, }, }
1;root{Module{FunctionDef{Return{Call{Call{Add{}, }, }, }, }, }, }
1;root{Module{FunctionDef{Assign{}, For{Call{Add{}, }, Assign{Add{}, }, }, Return{}, }, }, }
1;root{Module{FunctionDef{Return{Add{}, }, }, }, }
1;root{Module{FunctionDef{Assign{}, For{Call{Add{}, }, AugAssign{Add{}, }, }, Return{}, }, }, }
1;root{Module{FunctionDef{Assign{}, For{Call{Add{}, }, AugAssign{Add{}, }, }, Return{}, }, }, }
1;root{Module{FunctionDef{Assign{}, While{Compare{Gt{}, }, Assign{Add{}, }, Assign{Sub{}, }, }, Return{}, }, }, }
1;root{Module{FunctionDef{Assign{}, For{Call{Add{}, }, AugAssign{Add{}, }, }, Return{}, }, }, }
1;root{Module{FunctionDef{For{Call{}, AugAssign{Add{}, }, }, Return{}, }, }, }
1;root{Module{FunctionDef{Assign{Sub{}, }, While{Compare{Gt{}, }, AugAssign{Add{}, }, AugAssign{Sub{}, }, }, Return{}, }, }, }
1;root{Module{FunctionDef{Assign{}, For{Call{Add{}, }, AugAssign{Add{}, }, }, Return{}, }, }, }
1;root{Module{FunctionDef{Return{Call{ListComp{comprehension{Call{Add{}, }, }, }, }, }, }, }, }
1;root{Module{FunctionDef{Assign{}, For{Call{Add{}, }, Assign{Add{}, }, }, Return{}, }, }, }
1;root{Module{FunctionDef{Assign{}, For{Call{Add{}, }, AugAssign{Add{}, }, }, Return{}, }, }, }
1;root{Module{FunctionDef{Assign{}, For{Call{Add{}, }, AugAssign{Add{}, }, }, Return{}, }, }, }
1;root{Module{FunctionDef{Return{Mult{}, Div{}, Add{}, Div{}, }, }, }, }
1;root{Module{FunctionDef{Return{Add{}, Add{}, }, }, }, }
1;root{Module{FunctionDef{Assign{}, For{Call{Add{}, }, AugAssign{Add{}, }, }, Return{}, }, }, }
1;root{Module{FunctionDef{Assign{}, For{Call{Add{}, }, Assign{Add{}, }, }, Return{}, }, }, }
1;root{Module{FunctionDef{Assign{}, For{Call{Add{}, }, AugAssign{Add{}, }, }, Return{}, }, }, }
1;root{Module{FunctionDef{Assign{}, For{Call{Add{}, }, Assign{Add{}, }, }, Return{}, }, }, }
1;root{Module{FunctionDef{Assign{}, For{Call{Add{}, }, Assign{Add{}, }, }, Return{}, }, }, }
1;root{Module{FunctionDef{Return{}, }, }, }
1;root{Module{FunctionDef{Assign{}, For{Call{Add{}, }, AugAssign{Add{}, }, }, Return{}, }, }, }
1;root{Module{FunctionDef{Assign{}, Assign{}, While{Compare{LtE{}, }, Assign{Add{}, }, Assign{Add{}, }, }, Return{}, }, }, }
1;root{Module{FunctionDef{If{Return{}, }, Return{Add{}, Call{Sub{}, }, }, }, }, }
1;root{Module{FunctionDef{For{Call{}, AugAssign{Add{}, }, }, Return{}, }, }, }
1;root{Module{FunctionDef{Return{Mult{}, Add{}, Div{}, }, }, }, }
1;root{Module{FunctionDef{For{Call{}, Assign{Add{}, }, }, Return{}, }, }, }
1;root{Module{FunctionDef{Assign{}, For{Call{Add{}, }, Assign{Add{}, }, }, Return{}, }, }, }
1;root{Module{FunctionDef{Return{Mult{}, Add{}, Div{}, }, }, }, }
1;root{Module{FunctionDef{Global{}, Assign{}, For{Call{Add{}, }, Assign{Add{}, }, }, Return{}, }, }, }
1;root{Module{FunctionDef{If{Return{}, }, Return{Add{}, Call{Sub{}, }, }, }, }, }
1;root{Module{FunctionDef{Return{}, }, }, }
1;root{Module{FunctionDef{Return{}, }, }, }
1;root{Module{FunctionDef{Assign{}, While{Compare{Gt{}, }, Assign{Add{}, }, Assign{Sub{}, }, }, Return{}, }, }, }
1;root{Module{FunctionDef{Assign{}, For{Call{Add{}, }, AugAssign{Add{}, }, }, Return{}, }, }, }
1;root{Module{FunctionDef{Assign{}, For{Call{Add{}, }, AugAssign{Add{}, }, }, Return{}, }, }, }
1;root{Module{FunctionDef{Assign{}, For{Call{Add{}, }, AugAssign{Add{}, }, }, Return{}, }, }, }
1;root{Module{FunctionDef{Assign{}, For{Call{Add{}, }, AugAssign{Add{}, }, }, Return{}, }, }, }
1;root{Module{FunctionDef{For{Call{}, AugAssign{Add{}, }, }, Return{}, }, }, }
1;root{Module{FunctionDef{Assign{}, For{Call{Add{}, }, AugAssign{Add{}, }, }, Return{}, }, }, }
1;root{Module{FunctionDef{Assign{}, For{Call{Add{}, }, AugAssign{Add{}, }, }, Return{}, }, }, }
1;root{Module{FunctionDef{Assign{}, For{Call{}, Assign{Add{}, Sub{}, }, }, Print{}, }, }, }
1;root{Module{FunctionDef{Assign{}, For{Call{}, Assign{Add{}, Sub{}, }, }, Return{}, }, }, }
1;root{Module{FunctionDef{Assign{}, For{Call{Add{}, }, Assign{Add{}, }, }, Return{}, }, }, }
1;root{Module{FunctionDef{If{Return{}, }, Return{Add{}, Call{Sub{}, }, }, }, }, }
1;root{Module{FunctionDef{Return{Mult{}, Add{}, Div{}, }, }, }, }
1;root{Module{FunctionDef{Assign{}, For{Call{Add{}, }, AugAssign{Add{}, }, }, Return{}, }, }, }
1;root{Module{FunctionDef{Return{Call{Call{Add{}, }, }, }, }, }, }
1;root{Module{FunctionDef{Assign{}, For{Call{Add{}, }, AugAssign{Add{}, }, }, Return{}, }, }, }
1;root{Module{FunctionDef{Assign{}, For{Call{Add{}, }, Assign{Add{}, }, }, Return{}, }, }, }
1;root{Module{FunctionDef{Assign{}, For{Call{Add{}, }, AugAssign{Add{}, }, }, Return{}, }, }, }
1;root{Module{FunctionDef{Assign{}, For{Call{Add{}, }, AugAssign{Add{}, }, }, Return{}, }, }, }
1;root{Module{FunctionDef{Assign{}, For{Call{Add{}, }, AugAssign{Add{}, }, }, Return{}, }, }, }
1;root{Module{FunctionDef{Assign{}, For{Call{Add{}, }, AugAssign{Add{}, }, }, Return{}, }, }, }
1;root{Module{FunctionDef{Assign{}, For{Call{Add{}, }, AugAssign{Add{}, }, }, Return{}, }, }, }
1;root{Module{FunctionDef{Return{Call{Call{Add{}, }, }, }, }, }, }
1;root{Module{FunctionDef{Assign{}, For{Call{Add{}, }, AugAssign{Add{}, }, }, Return{}, }, }, }
1;root{Module{FunctionDef{Assign{}, For{Call{Add{}, }, AugAssign{Add{}, }, }, Return{}, }, }, }
1;root{Module{FunctionDef{Assign{Mult{}, Add{}, Div{}, }, Assign{}, Return{}, }, }, }
1;root{Module{FunctionDef{Assign{}, For{Call{Add{}, }, Assign{Add{}, }, }, Return{}, }, }, }
1;root{Module{FunctionDef{Assign{}, For{Call{Add{}, }, AugAssign{Add{}, }, }, Return{}, }, }, }
1;root{Module{FunctionDef{Assign{}, For{Call{Add{}, }, AugAssign{Add{}, }, }, Return{}, }, }, }
1;root{Module{FunctionDef{Assign{}, For{Call{Add{}, }, AugAssign{Add{}, }, }, Return{}, }, }, }
1;root{Module{FunctionDef{Assign{}, For{Call{}, AugAssign{Add{}, Add{}, }, }, Return{}, }, }, }
1;root{Module{FunctionDef{Return{Mult{}, Add{}, Div{}, }, }, }, }
1;root{Module{FunctionDef{Assign{}, For{Call{Add{}, }, AugAssign{Add{}, }, }, Return{}, }, }, }
1;root{Module{FunctionDef{Assign{}, For{Call{Add{}, }, AugAssign{Add{}, }, }, Return{}, }, }, }
1;root{Module{FunctionDef{Assign{}, For{Call{Add{}, }, AugAssign{Add{}, }, }, Return{}, }, }, }
1;root{Module{FunctionDef{Assign{}, For{Call{Add{}, }, AugAssign{Add{}, }, }, Return{}, }, }, }
1;root{Module{FunctionDef{Assign{}, For{Call{Add{}, }, AugAssign{Add{}, }, }, Return{}, }, }, }
1;root{Module{FunctionDef{Assign{}, For{Call{Add{}, }, Assign{Add{}, }, }, Return{}, }, }, }
1;root{Module{FunctionDef{Assign{}, For{Call{Add{}, }, AugAssign{Add{}, }, }, Return{}, }, }, }
1;root{Module{FunctionDef{Assign{}, For{Call{Add{}, }, AugAssign{Add{}, }, }, Return{}, }, }, }
1;root{Module{FunctionDef{Assign{}, For{Call{Add{}, }, AugAssign{Add{}, }, }, Return{}, }, }, }
1;root{Module{FunctionDef{Assign{}, For{Call{}, AugAssign{Add{}, }, }, Return{}, }, }, }
1;root{Module{FunctionDef{Assign{}, For{Call{Add{}, }, AugAssign{Add{}, }, }, Return{}, }, }, }
1;root{Module{FunctionDef{Assign{}, For{Call{Add{}, }, AugAssign{Add{}, }, }, Return{}, }, }, }
1;root{Module{FunctionDef{Return{Call{Call{Add{}, }, }, }, }, }, }
1;root{Module{FunctionDef{Return{Mult{}, Add{}, Div{}, }, }, }, }
1;root{Module{FunctionDef{Assign{Mult{}, Add{}, Div{}, }, Return{}, }, }, }
1;root{Module{FunctionDef{Assign{}, For{Call{Add{}, }, AugAssign{Add{}, }, }, Return{}, }, }, }
1;root{Module{FunctionDef{Assign{}, For{Call{Add{}, }, AugAssign{Add{}, }, }, Return{}, }, }, }
1;root{Module{FunctionDef{Assign{}, For{Call{Add{}, }, AugAssign{Add{}, }, }, Return{}, }, }, }
1;root{Module{FunctionDef{For{Call{}, Return{}, }, }, }, }
1;root{Module{FunctionDef{Assign{}, For{Call{Add{}, }, Assign{Add{}, }, }, Return{}, }, }, }
1;root{Module{FunctionDef{Assign{}, For{Call{Add{}, }, AugAssign{Add{}, }, }, Return{}, }, }, }
1;root{Module{FunctionDef{Return{Mult{}, Add{}, Div{}, }, }, }, }
1;root{Module{FunctionDef{Assign{}, For{Call{Add{}, }, AugAssign{Add{}, }, }, Return{}, }, }, }
1;root{Module{FunctionDef{Assign{}, For{Call{Add{}, }, For{Call{}, AugAssign{Add{}, Add{}, }, }, Return{}, }, }, }, }
1;root{Module{FunctionDef{For{Call{}, AugAssign{Add{}, }, }, Return{}, }, }, }
1;root{Module{FunctionDef{Assign{}, For{Call{Add{}, }, AugAssign{Add{}, }, }, Return{}, }, }, }
1;root{Module{FunctionDef{Assign{}, For{Call{Add{}, }, AugAssign{Add{}, }, }, Return{}, }, }, }
1;root{Module{FunctionDef{Assign{}, For{Call{Add{}, }, AugAssign{Add{}, }, }, Return{}, }, }, }
1;root{Module{FunctionDef{Return{Mult{}, Add{}, Div{}, }, }, }, }
1;root{Module{FunctionDef{Return{Call{Call{Add{}, }, }, }, }, }, }
1;root{Module{FunctionDef{Assign{}, For{Call{Add{}, }, AugAssign{Add{}, }, }, Return{}, }, }, }
1;root{Module{FunctionDef{Assign{List{}, }, For{Call{Add{}, }, Expr{Call{Attribute{}, }, }, }, Return{Call{}, }, }, }, }
1;root{Module{FunctionDef{If{Return{}, }, Return{Add{}, Call{Sub{}, }, }, }, }, }
1;root{Module{FunctionDef{Assign{}, For{Call{Add{}, }, AugAssign{Add{}, }, }, Return{}, }, }, }
1;root{Module{FunctionDef{Assign{}, For{Call{Add{}, }, Assign{Add{}, }, }, Return{}, }, }, }
1;root{Module{FunctionDef{Assign{}, For{Call{Add{}, }, AugAssign{Add{}, }, }, Return{}, }, }, }
1;root{Module{FunctionDef{For{Call{}, Return{Add{}, Add{}, Sub{}, }, }, }, }, }
1;root{Module{FunctionDef{Assign{}, For{Call{Add{}, }, Assign{Add{}, }, }, Return{}, }, }, }
1;root{Module{FunctionDef{If{Return{}, Return{Add{}, Call{Sub{}, }, }, }, }, }, }
1;root{Module{FunctionDef{Assign{}, For{Call{Add{}, }, AugAssign{Add{}, }, }, Return{}, }, }, }
1;root{Module{FunctionDef{Assign{}, For{Call{Add{}, }, AugAssign{Add{}, }, }, Return{}, }, }, }
1;root{Module{FunctionDef{Assign{}, For{Call{Add{}, }, AugAssign{Add{}, }, }, Print{}, }, }, }
1;root{Module{FunctionDef{Assign{}, For{Call{Add{}, }, AugAssign{Add{}, }, }, Return{}, }, }, }
1;root{Module{FunctionDef{Assign{}, For{Call{Add{}, }, Assign{Add{}, }, }, Return{}, }, }, }
1;root{Module{FunctionDef{Assign{}, For{Call{Add{}, }, AugAssign{Add{}, }, }, Return{}, }, }, }
1;root{Module{FunctionDef{Assign{}, For{Call{Add{}, }, AugAssign{Add{}, }, }, Return{}, }, }, }
1;root{Module{FunctionDef{Assign{Div{}, Mult{}, Add{}, }, Return{}, }, }, }
1;root{Module{FunctionDef{For{Call{}, Assign{Add{}, }, }, Return{}, }, }, }
1;root{Module{FunctionDef{Return{Mult{}, Add{}, FloorDiv{}, }, }, }, }
1;root{Module{FunctionDef{Assign{}, For{Call{Add{}, }, AugAssign{Add{}, }, }, Return{}, }, }, }
1;root{Module{FunctionDef{If{Compare{GtE{}, }, Return{Mult{}, Add{}, Div{}, }, Return{}, }, }, }, }
1;root{Module{FunctionDef{For{Call{}, AugAssign{Add{}, }, }, Return{}, }, }, }
1;root{Module{FunctionDef{Assign{}, For{Call{Add{}, }, AugAssign{Add{}, }, }, Return{}, }, }, }
1;root{Module{FunctionDef{Assign{}, For{Call{Add{}, }, Assign{Add{}, }, }, Return{}, }, }, }
1;root{Module{FunctionDef{Return{Call{Call{Add{}, }, }, }, }, }, }
1;root{Module{FunctionDef{Assign{}, For{Call{Add{}, }, AugAssign{Add{}, }, }, Return{}, }, }, }
1;root{Module{FunctionDef{Assign{}, For{Call{Add{}, }, Assign{Add{}, }, }, Return{}, }, }, }
1;root{Module{FunctionDef{Assign{}, For{Call{}, Assign{Add{}, }, }, Return{Add{}, }, }, }, }
1;root{Module{FunctionDef{Assign{}, For{Call{Add{}, }, AugAssign{Add{}, }, }, Return{}, }, }, }
1;root{Module{FunctionDef{For{Call{}, AugAssign{Add{}, }, }, Return{}, }, }, }
1;root{Module{FunctionDef{Assign{}, For{Call{Add{}, }, AugAssign{Add{}, }, }, Return{}, }, }, }
1;root{Module{FunctionDef{Assign{}, For{Call{Add{}, }, AugAssign{Add{}, }, }, Return{}, }, }, }
1;root{Module{FunctionDef{Assign{}, For{Call{Add{}, }, AugAssign{Add{}, }, }, Return{}, }, }, }
1;root{Module{FunctionDef{Assign{}, While{Compare{Gt{}, }, AugAssign{Add{}, }, Assign{Sub{}, }, }, Return{}, }, }, }
1;root{Module{FunctionDef{Assign{}, For{Call{Add{}, }, AugAssign{Add{}, }, }, Return{}, }, }, }
1;root{Module{FunctionDef{Assign{}, For{Call{Add{}, }, AugAssign{Add{}, }, }, Return{}, }, }, }
1;root{Module{FunctionDef{Assign{}, For{Call{Add{}, }, AugAssign{Add{}, }, }, Assign{}, Return{}, }, }, }
1;root{Module{FunctionDef{Return{Mult{}, Add{}, Div{}, }, }, }, }
1;root{Module{FunctionDef{Assign{}, For{Call{Add{}, }, AugAssign{Add{}, }, }, Return{}, }, }, }
1;root{Module{FunctionDef{Assign{}, For{Call{Add{}, }, AugAssign{Add{}, }, }, Return{}, }, }, }
1;root{Module{FunctionDef{Assign{}, For{Call{Add{}, }, AugAssign{Add{}, }, }, Return{}, }, }, }
1;root{Module{FunctionDef{Assign{}, For{Call{Add{}, }, Assign{Add{}, }, }, Return{}, }, }, }
1;root{Module{FunctionDef{Return{Call{Call{Add{}, }, }, }, }, }, }
1;root{Module{FunctionDef{Return{Call{Call{Add{}, }, }, }, }, }, }
1;root{Module{FunctionDef{Assign{}, For{Call{Add{}, }, AugAssign{Add{}, }, }, Return{}, }, }, }
1;root{Module{FunctionDef{Assign{}, For{Call{Add{}, }, AugAssign{Add{}, }, }, Return{}, }, }, }
1;root{Module{FunctionDef{Assign{}, For{Call{Add{}, }, AugAssign{Add{}, }, }, Return{}, }, }, }
1;root{Module{FunctionDef{For{Call{}, Assign{Add{}, }, }, Return{}, }, }, }
1;root{Module{FunctionDef{Return{Add{}, Call{Sub{}, }, }, }, }, }
1;root{Module{FunctionDef{Assign{}, For{Call{Add{}, }, AugAssign{Add{}, }, }, }, }, }
1;root{Module{FunctionDef{Assign{}, For{Call{Add{}, }, AugAssign{Add{}, }, }, }, }, }
1;root{Module{FunctionDef{Assign{}, For{Call{Add{}, }, AugAssign{Add{}, }, }, Print{}, }, }, }
1;root{Module{FunctionDef{Assign{}, For{Call{Add{}, }, AugAssign{Add{}, }, }, Return{}, }, }, }
1;root{Module{FunctionDef{Return{Mult{}, Add{}, FloorDiv{}, }, }, }, }
1;root{Module{FunctionDef{Assign{}, For{Call{}, AugAssign{Add{}, Add{}, }, }, Return{}, }, }, }
1;root{Module{FunctionDef{Assign{}, For{Call{Add{}, }, AugAssign{Add{}, }, }, Return{}, }, }, }
1;root{Module{FunctionDef{Assign{}, For{Call{Add{}, }, AugAssign{Add{}, }, }, Return{}, }, }, }
1;root{Module{FunctionDef{Assign{}, For{Call{Add{}, }, AugAssign{Add{}, }, }, Return{}, }, }, }
1;root{Module{FunctionDef{Assign{}, For{Call{Add{}, }, AugAssign{Add{}, }, }, Return{}, }, }, }
1;root{Module{FunctionDef{For{Call{}, AugAssign{Add{}, }, }, Return{}, }, }, }
1;root{Module{FunctionDef{For{Call{}, AugAssign{Add{}, }, }, Return{}, }, }, }
1;root{Module{FunctionDef{Assign{}, For{Call{Add{}, }, AugAssign{Add{}, }, }, Return{}, }, }, }
1;root{Module{FunctionDef{Return{Mult{}, Add{}, Div{}, }, }, }, }
1;root{Module{FunctionDef{Assign{}, For{Call{Add{}, }, AugAssign{Add{}, }, }, Return{}, }, }, }
1;root{Module{FunctionDef{Assign{}, For{Call{Add{}, }, AugAssign{Add{}, }, }, Return{}, }, }, }
1;root{Module{FunctionDef{Assign{}, For{Call{Add{}, }, AugAssign{Add{}, }, }, Return{}, }, }, }
1;root{Module{FunctionDef{Assign{}, For{Call{Add{}, }, AugAssign{Add{}, }, }, Return{}, }, }, }
1;root{Module{FunctionDef{Assign{}, For{Call{Add{}, }, AugAssign{Add{}, }, }, Return{}, }, }, }
1;root{Module{FunctionDef{Assign{}, For{Call{Add{}, }, AugAssign{Add{}, }, }, Return{}, }, }, }
1;root{Module{FunctionDef{Assign{}, For{Call{Add{}, }, AugAssign{Add{}, }, }, Return{}, }, }, }
1;root{Module{FunctionDef{Assign{}, For{Call{Add{}, }, Assign{Add{}, }, }, Return{}, }, }, }
1;root{Module{FunctionDef{Assign{}, For{Call{Add{}, }, AugAssign{Add{}, }, }, Return{}, }, }, }
1;root{Module{FunctionDef{Assign{}, For{Call{Add{}, }, Assign{Add{}, }, }, Return{}, }, }, }
1;root{Module{FunctionDef{Assign{}, For{Call{Add{}, }, AugAssign{Add{}, }, }, Return{}, }, }, }
1;root{Module{FunctionDef{Assign{}, For{Call{}, AugAssign{Add{}, }, AugAssign{Sub{}, }, }, Return{}, }, }, }
1;root{Module{FunctionDef{Assign{}, For{Call{Add{}, }, Assign{Add{}, }, }, Return{}, }, }, }
1;root{Module{FunctionDef{Assign{}, For{Call{Add{}, }, AugAssign{Add{}, }, }, Return{}, }, }, }
1;root{Module{FunctionDef{For{Call{}, AugAssign{Add{}, }, }, Return{}, }, }, }
1;root{Module{FunctionDef{Assign{}, For{Call{Add{}, }, AugAssign{Add{}, }, }, Return{}, }, }, }
1;root{Module{FunctionDef{Assign{}, For{Call{Add{}, }, Assign{Add{}, }, }, Return{}, }, }, }
1;root{Module{FunctionDef{Assign{}, For{Call{Add{}, }, AugAssign{Add{}, }, }, Return{}, }, }, }
1;root{Module{FunctionDef{Assign{}, For{Call{Add{}, }, Assign{Add{}, }, }, Return{}, }, }, }
1;root{Module{FunctionDef{Assign{}, For{Call{Add{}, }, AugAssign{Add{}, }, }, Return{}, }, }, }
1;root{Module{FunctionDef{Assign{}, Assign{}, While{Compare{GtE{}, }, Assign{Add{}, }, Assign{Add{}, }, }, Return{}, }, }, }
1;root{Module{FunctionDef{Assign{}, For{Call{Add{}, }, AugAssign{Add{}, }, }, Return{}, }, }, }
1;root{Module{FunctionDef{Assign{}, For{Call{Add{}, }, AugAssign{Add{}, }, }, Return{}, }, }, }
1;root{Module{FunctionDef{Assign{}, For{Call{Add{}, }, AugAssign{Add{}, }, }, Return{}, }, }, }
1;root{Module{FunctionDef{Return{Mult{}, Add{}, FloorDiv{}, }, }, }, }
1;root{Module{FunctionDef{For{Call{}, AugAssign{Add{}, }, }, Return{}, }, }, }
1;root{Module{FunctionDef{For{Call{}, AugAssign{Add{}, }, }, Return{}, }, }, }
1;root{Module{FunctionDef{Assign{}, For{Call{Add{}, }, AugAssign{Add{}, }, }, Return{}, }, }, }
1;root{Module{FunctionDef{Assign{}, For{Call{Add{}, }, Assign{Add{}, }, }, Return{}, }, }, }
1;root{Module{FunctionDef{For{Call{}, Assign{Add{}, }, }, Return{}, }, }, }
1;root{Module{FunctionDef{Assign{}, For{Call{Add{}, }, AugAssign{Add{}, }, }, Return{}, }, }, }
1;root{Module{FunctionDef{Assign{}, For{Call{Add{}, }, AugAssign{Add{}, }, }, Return{}, }, }, }
1;root{Module{FunctionDef{Assign{}, For{Call{Add{}, }, AugAssign{Add{}, }, }, Return{}, }, }, }
1;root{Module{FunctionDef{If{Return{}, }, Return{Add{}, Call{Sub{}, }, }, }, }, }
1;root{Module{FunctionDef{Assign{}, For{Call{Add{}, }, AugAssign{Add{}, }, }, Return{}, }, }, }
1;root{Module{FunctionDef{Assign{}, For{Call{Add{}, }, Assign{Add{}, }, }, Return{}, }, }, }
1;root{Module{FunctionDef{Assign{}, For{Call{Add{}, }, AugAssign{Add{}, }, }, Return{}, }, }, }
1;root{Module{FunctionDef{Assign{}, For{Call{Add{}, }, AugAssign{Add{}, }, }, Return{}, }, }, }
1;root{Module{FunctionDef{For{Call{}, AugAssign{Add{}, }, }, Return{}, }, }, }
1;root{Module{FunctionDef{If{UnaryOp{Not{}, }, Return{}, Return{Add{}, Call{Sub{}, }, }, }, }, }, }
1;root{Module{FunctionDef{Assign{}, For{Call{Add{}, }, Assign{Add{}, }, }, Return{}, }, }, }
1;root{Module{FunctionDef{Assign{}, While{Compare{NotEq{}, }, AugAssign{Add{}, }, AugAssign{Sub{}, }, }, Return{}, }, }, }
1;root{Module{FunctionDef{Return{Mult{}, Add{}, Div{}, }, }, }, }
1;root{Module{FunctionDef{Assign{}, For{Call{Add{}, }, AugAssign{Add{}, }, }, Return{}, }, }, }
1;root{Module{FunctionDef{Assign{}, For{Call{Add{}, }, AugAssign{Add{}, }, }, Return{}, }, }, }
1;root{Module{FunctionDef{Assign{}, For{Call{Add{}, }, AugAssign{Add{}, }, }, Return{}, }, }, }
1;root{Module{FunctionDef{Return{Mult{}, Add{}, Div{}, }, }, }, }
1;root{Module{FunctionDef{Assign{}, For{Call{Add{}, }, AugAssign{Add{}, }, }, Return{}, }, }, }
1;root{Module{FunctionDef{Assign{}, For{Call{Add{}, }, AugAssign{Add{}, }, }, Return{}, }, }, }
1;root{Module{FunctionDef{If{Return{}, Return{Add{}, Call{Sub{}, }, }, }, }, }, }
1;root{Module{FunctionDef{Assign{}, For{Call{Add{}, }, AugAssign{Add{}, }, }, Return{}, }, }, }
1;root{Module{FunctionDef{Assign{}, For{Call{}, Assign{Add{}, Mult{}, Div{}, }, }, Return{}, }, }, }
1;root{Module{FunctionDef{For{Call{}, Assign{Add{}, }, }, Return{}, }, }, }
1;root{Module{FunctionDef{Assign{}, For{Call{Add{}, }, Assign{Add{}, }, }, Return{}, }, }, }
1;root{Module{FunctionDef{Assign{}, For{Call{Add{}, }, AugAssign{Add{}, }, }, Return{}, }, }, }
1;root{Module{FunctionDef{Assign{}, For{Call{Add{}, }, Assign{Add{}, }, }, Return{}, }, }, }
1;root{Module{FunctionDef{Assign{}, For{Call{Add{}, }, AugAssign{Add{}, }, }, Return{}, }, }, }
1;root{Module{FunctionDef{Assign{}, For{Call{Add{}, }, Assign{Add{}, }, }, Return{}, }, }, }
1;root{Module{FunctionDef{Assign{}, For{Call{Add{}, }, AugAssign{Add{}, }, }, Return{}, }, }, }
1;root{Module{FunctionDef{If{Return{}, Return{Add{}, Call{Sub{}, }, }, }, }, }, }
1;root{Module{FunctionDef{Assign{}, For{Call{Add{}, }, AugAssign{Add{}, }, }, Return{}, }, }, }
1;root{Module{FunctionDef{Assign{}, For{Call{Add{}, }, AugAssign{Add{}, }, }, Return{}, }, }, }
1;root{Module{FunctionDef{If{Return{}, Return{Add{}, Call{Sub{}, }, }, }, }, }, }
1;root{Module{FunctionDef{Assign{}, For{Call{}, AugAssign{Add{}, }, }, Return{}, }, }, }
1;root{Module{FunctionDef{Assign{}, For{Call{Add{}, }, AugAssign{Add{}, }, }, Return{}, }, }, }
1;root{Module{FunctionDef{If{Return{}, }, Return{Add{}, Call{Sub{}, }, }, }, }, }
1;root{Module{FunctionDef{Assign{}, For{Call{Add{}, }, Assign{Add{}, }, }, Return{}, }, }, }
1;root{Module{FunctionDef{Assign{}, For{Call{Add{}, }, AugAssign{Add{}, }, }, Return{}, }, }, }
1;root{Module{FunctionDef{Assign{}, For{Call{Add{}, }, AugAssign{Add{}, }, }, Return{}, }, }, }
1;root{Module{FunctionDef{For{Call{}, Assign{Add{}, }, }, Return{}, }, }, }
1;root{Module{FunctionDef{Return{}, }, }, }
1;root{Module{FunctionDef{Return{}, }, Expr{Add{}, Add{}, }, }, }
1;root{Module{FunctionDef{Return{Add{}, Add{}, Add{}, }, }, }, }
1;root{Module{FunctionDef{Return{}, }, }, }
1;root{Module{FunctionDef{For{Call{}, AugAssign{Add{}, }, }, Return{}, }, }, }
1;root{Module{FunctionDef{Return{Call{Call{Add{}, }, }, }, }, }, }
1;root{Module{FunctionDef{Assign{}, For{Call{Add{}, }, Assign{Add{}, }, }, Return{}, }, }, }
1;root{Module{FunctionDef{Assign{}, For{Call{Add{}, }, Assign{Add{}, }, }, Return{}, }, }, }
1;root{Module{FunctionDef{Assign{}, Assign{}, While{Compare{LtE{}, }, Assign{Add{}, }, Assign{Add{}, }, }, Return{}, }, }, }
1;root{Module{FunctionDef{Assign{}, Assign{}, While{Compare{LtE{}, }, Assign{Add{}, }, Assign{Add{}, }, }, Return{}, }, }, }
1;root{Module{FunctionDef{Assign{}, For{Call{Add{}, }, AugAssign{Add{}, }, }, Return{}, }, }, }
1;root{Module{FunctionDef{Assign{}, For{Call{Add{}, }, AugAssign{Add{}, }, }, Return{}, }, }, }
1;root{Module{FunctionDef{Return{Call{Call{Add{}, }, }, }, }, }, }
1;root{Module{FunctionDef{Return{Call{Call{Add{}, }, }, }, }, }, }
1;root{Module{FunctionDef{Return{}, }, }, }
1;root{Module{FunctionDef{Return{Call{Call{Add{}, }, }, }, }, }, }
1;root{Module{FunctionDef{Return{Call{Call{Add{}, }, }, }, }, }, }
1;root{Module{FunctionDef{Assign{Add{}, }, Return{}, }, }, }
1;root{Module{FunctionDef{Assign{Mult{}, }, Return{}, }, }, }
1;root{Module{FunctionDef{Assign{Add{}, }, Return{}, }, }, }
1;root{Module{FunctionDef{Assign{}, For{Call{Add{}, }, Assign{Add{}, }, }, Return{}, }, }, }
1;root{Module{FunctionDef{Expr{Add{}, }, Return{}, }, }, }
1;root{Module{FunctionDef{Expr{Mult{}, }, Return{}, }, }, }
1;root{Module{FunctionDef{Assign{Mult{}, }, Return{}, }, }, }
1;root{Module{FunctionDef{Assign{Mult{}, }, Return{}, }, }, }
1;root{Module{FunctionDef{Return{Call{Call{Add{}, }, }, }, }, }, }
1;root{Module{FunctionDef{Return{Call{Call{Add{}, }, }, }, }, }, }
1;root{Module{FunctionDef{Assign{}, For{Call{Add{}, }, Assign{Add{}, }, }, Return{}, }, }, }
1;root{Module{FunctionDef{Return{Call{Call{Add{}, }, }, }, }, }, }
1;root{Module{FunctionDef{Assign{}, For{Call{Add{}, }, Assign{Add{}, }, }, Return{}, }, }, }
1;root{Module{FunctionDef{Return{Call{Call{Add{}, }, }, }, }, }, }
1;root{Module{FunctionDef{Assign{}, For{Call{Add{}, }, Assign{Add{}, }, }, Return{}, }, }, }
1;root{Module{FunctionDef{Return{Call{Call{Add{}, }, }, }, }, }, }
1;root{Module{FunctionDef{Assign{}, For{Call{Add{}, }, AugAssign{Add{}, }, }, Return{}, }, }, }
1;root{Module{FunctionDef{Assign{}, For{Call{Add{}, }, AugAssign{Add{}, }, }, Return{}, }, }, }
1;root{Module{FunctionDef{Return{Add{}, Mult{}, Div{}, }, }, }, }
1;root{Module{FunctionDef{Return{Call{Call{Add{}, }, }, }, }, }, }
1;root{Module{FunctionDef{Assign{}, For{Call{Add{}, }, Assign{Add{}, }, }, Return{}, }, }, }
1;root{Module{FunctionDef{For{Call{Sub{}, }, Assign{Add{}, Add{}, }, }, Return{}, }, }, }
1;root{Module{FunctionDef{Assign{}, For{Call{Add{}, }, AugAssign{Add{}, }, }, Return{}, }, }, }
1;root{Module{FunctionDef{For{Call{}, Assign{Add{}, }, }, Return{}, }, }, }
1;root{Module{FunctionDef{Assign{}, For{Call{}, AugAssign{Add{}, Add{}, }, }, Return{}, }, }, }
1;root{Module{FunctionDef{Assign{}, Assign{Sub{}, }, While{Compare{NotEq{}, }, Assign{Add{}, }, AugAssign{Sub{}, }, }, Return{}, }, }, }
1;root{Module{FunctionDef{Assign{}, Assign{Sub{}, }, While{Compare{NotEq{}, }, Assign{Add{}, }, AugAssign{Sub{}, }, }, Return{}, }, }, }
1;root{Module{FunctionDef{Return{Call{Call{Add{}, }, }, }, }, }, }
1;root{Module{FunctionDef{If{Return{}, }, Return{Add{}, Call{Sub{}, }, }, }, }, }
1;root{Module{Assign{}, FunctionDef{For{Call{}, AugAssign{Add{}, }, }, Return{}, }, }, }
1;root{Module{FunctionDef{Assign{}, For{Call{Add{}, }, AugAssign{Add{}, }, }, Return{}, }, }, }
1;root{Module{FunctionDef{Return{Add{}, Mult{}, Div{}, }, }, }, }
1;root{Module{FunctionDef{Assign{}, For{Call{Add{}, }, AugAssign{Add{}, }, }, Return{}, }, }, }
1;root{Module{FunctionDef{Assign{}, For{Call{Add{}, }, AugAssign{Add{}, }, }, Return{}, }, }, }
1;root{Module{FunctionDef{Assign{}, For{Call{Add{}, }, AugAssign{Add{}, }, }, Return{}, }, }, }
1;root{Module{FunctionDef{Assign{}, For{Call{Add{}, }, AugAssign{Add{}, }, }, Return{}, }, }, }
1;root{Module{FunctionDef{For{Call{}, AugAssign{Add{}, }, }, Return{}, }, }, }
1;root{Module{FunctionDef{Assign{}, For{Call{Add{}, }, Assign{Add{}, }, }, Return{}, }, }, }
1;root{Module{FunctionDef{Assign{}, For{Call{Add{}, }, AugAssign{Add{}, }, }, Return{}, }, }, }
1;root{Module{FunctionDef{Assign{}, For{Call{Add{}, }, AugAssign{Add{}, }, }, Return{}, }, }, }
1;root{Module{FunctionDef{Assign{}, For{Call{Add{}, }, AugAssign{Add{}, }, }, Return{}, }, }, }
1;root{Module{FunctionDef{Assign{}, While{Compare{Gt{}, }, Assign{Add{}, }, Assign{Sub{}, }, }, Return{}, }, }, }
1;root{Module{FunctionDef{Assign{}, For{Call{Add{}, }, AugAssign{Add{}, }, }, Return{}, }, }, }
1;root{Module{FunctionDef{For{Call{}, AugAssign{Add{}, }, }, Return{}, }, }, }
1;root{Module{FunctionDef{Assign{}, For{Call{Add{}, }, AugAssign{Add{}, }, }, Return{}, }, }, }
1;root{Module{FunctionDef{Return{Add{}, Div{}, Mult{}, }, }, }, }
1;root{Module{FunctionDef{For{Call{}, AugAssign{Add{}, }, }, Return{}, }, }, }
1;root{Module{FunctionDef{Return{Call{Call{Add{}, }, }, }, }, }, }
1;root{Module{FunctionDef{Assign{}, For{Call{Add{}, }, AugAssign{Add{}, }, }, Return{}, }, }, }
1;root{Module{FunctionDef{Assign{}, For{Call{Add{}, }, Assign{Add{}, }, }, Return{}, }, }, }
1;root{Module{FunctionDef{Return{Add{}, }, }, }, }
1;root{Module{FunctionDef{Return{Add{}, }, }, }, }
1;root{Module{FunctionDef{Return{Add{}, }, }, }, }
1;root{Module{FunctionDef{For{Call{}, Print{}, }, Return{}, }, }, }
1;root{Module{FunctionDef{For{Call{}, AugAssign{Add{}, }, }, Return{}, }, }, }
1;root{Module{FunctionDef{Assign{}, For{Call{Add{}, }, AugAssign{Add{}, }, }, Return{}, }, }, }
1;root{Module{FunctionDef{Assign{}, For{Call{Add{}, }, AugAssign{Add{}, }, }, Return{}, }, }, }
1;root{Module{FunctionDef{Assign{}, For{Call{Add{}, }, Assign{Add{}, }, }, Return{}, }, }, }
1;root{Module{FunctionDef{For{Call{}, AugAssign{Add{}, }, }, Return{}, }, }, }
1;root{Module{FunctionDef{Assign{}, For{Call{Add{}, }, Assign{Add{}, }, }, Return{}, }, }, }
1;root{Module{FunctionDef{Assign{Add{}, Sub{}, Add{}, Sub{}, Add{}, Sub{}, Add{}, Sub{}, Add{}, Sub{}, Add{}, Sub{}, Add{}, Sub{}, Add{}, Sub{}, Add{}, Sub{}, Add{}, Sub{}, Add{}, Sub{}, Add{}, Sub{}, Add{}, Sub{}, Add{}, Sub{}, Add{}, Sub{}, Add{}, Sub{}, }, Return{}, }, }, }
1;root{Module{FunctionDef{Assign{}, For{Call{Add{}, }, Assign{Add{}, }, }, Return{}, }, }, }
1;root{Module{FunctionDef{Assign{}, For{Call{Add{}, }, AugAssign{Add{}, }, }, Return{}, }, }, }
1;root{Module{FunctionDef{If{Return{}, Return{Add{}, Call{Sub{}, }, }, }, Return{}, }, }, }
1;root{Module{FunctionDef{Assign{}, For{Call{Add{}, }, Assign{Add{}, }, }, Return{}, }, }, }
1;root{Module{FunctionDef{Assign{}, For{Call{}, AugAssign{Add{}, }, }, Return{}, }, }, }
1;root{Module{FunctionDef{Assign{}, For{Call{Add{}, }, AugAssign{Add{}, }, }, Return{}, }, }, }
1;root{Module{FunctionDef{For{Call{}, Assign{Add{}, }, }, Return{}, }, }, }
1;root{Module{FunctionDef{Assign{}, For{Call{Add{}, }, Assign{Add{}, }, }, Return{}, }, }, }
1;root{Module{FunctionDef{For{Call{}, AugAssign{Add{}, }, }, Return{}, }, }, }
1;root{Module{FunctionDef{Assign{}, For{Call{Add{}, }, AugAssign{Add{}, }, }, Return{}, }, }, }
1;root{Module{FunctionDef{Assign{}, For{Call{Add{}, }, AugAssign{Add{}, }, }, Return{}, }, }, }
1;root{Module{FunctionDef{Assign{}, For{Call{Add{}, }, Assign{Add{}, }, }, Return{}, }, }, }
1;root{Module{FunctionDef{Assign{}, For{Call{Add{}, }, AugAssign{Add{}, }, }, Return{}, }, }, }
1;root{Module{FunctionDef{Assign{}, For{Call{Add{}, }, Assign{Add{}, }, }, Return{}, }, }, }
1;root{Module{FunctionDef{Assign{}, For{Call{Add{}, }, AugAssign{Add{}, }, }, Return{}, }, }, }
1;root{Module{FunctionDef{Assign{}, Assign{}, For{Call{Add{}, }, AugAssign{Add{}, }, AugAssign{Add{}, }, }, Return{}, }, }, }
1;root{Module{FunctionDef{Return{Mult{}, Add{}, FloorDiv{}, }, }, }, }
1;root{Module{FunctionDef{For{Call{}, Assign{Add{}, }, }, Return{}, }, }, }
1;root{Module{FunctionDef{Assign{}, For{Call{Add{}, }, AugAssign{Add{}, }, }, Return{}, }, }, }
1;root{Module{FunctionDef{Assign{}, For{Call{Add{}, }, Assign{Add{}, }, }, Return{}, }, }, }
1;root{Module{FunctionDef{Assign{}, For{Call{Add{}, }, Assign{Add{}, }, }, Print{}, }, }, }
1;root{Module{FunctionDef{Assign{}, For{Call{Add{}, }, Assign{Add{}, }, }, Return{}, }, }, }
1;root{Module{FunctionDef{Assign{}, For{Call{Add{}, }, AugAssign{Add{}, }, }, Return{}, }, }, }
1;root{Module{FunctionDef{Assign{}, For{Call{Add{}, }, AugAssign{Add{}, }, }, Return{}, }, }, }
1;root{Module{FunctionDef{Return{Mult{}, Add{}, Div{}, }, Return{}, }, }, }
1;root{Module{FunctionDef{Assign{}, For{Call{Add{}, }, AugAssign{Add{}, }, }, Return{}, }, }, }
1;root{Module{FunctionDef{For{Call{}, Assign{Add{}, }, }, Return{}, }, }, }
1;root{Module{FunctionDef{Return{Mult{}, Add{}, Div{}, }, }, }, }
1;root{Module{FunctionDef{Assign{}, For{Call{Add{}, }, AugAssign{Add{}, }, }, Return{}, }, }, }
1;root{Module{FunctionDef{Assign{}, For{Call{Add{}, }, AugAssign{Add{}, }, }, Return{}, }, }, }
1;root{Module{FunctionDef{Assign{}, For{Call{Add{}, }, AugAssign{Add{}, }, }, Return{}, }, }, }
1;root{Module{FunctionDef{Assign{}, For{Call{Add{}, }, Assign{Add{}, }, }, Return{}, }, }, }
1;root{Module{FunctionDef{Assign{}, For{Call{Add{}, }, AugAssign{Add{}, }, }, Return{}, }, }, }
1;root{Module{FunctionDef{Assign{}, For{Call{Add{}, }, Assign{Add{}, }, }, Return{}, }, }, }
1;root{Module{FunctionDef{Assign{}, For{Call{Add{}, }, AugAssign{Add{}, }, }, Return{}, }, }, }
1;root{Module{FunctionDef{For{Call{Sub{}, }, AugAssign{Add{}, }, }, Return{}, }, }, }
1;root{Module{FunctionDef{Assign{}, For{Call{Add{}, }, AugAssign{Add{}, }, }, Return{}, }, }, }
1;root{Module{FunctionDef{Assign{}, For{Call{Add{}, }, AugAssign{Add{}, }, }, Return{}, }, }, }
1;root{Module{FunctionDef{Assign{}, For{Call{Add{}, }, AugAssign{Add{}, }, }, Return{}, }, }, }
1;root{Module{FunctionDef{Assign{}, For{Call{Add{}, }, AugAssign{Add{}, }, }, Return{}, }, }, }
1;root{Module{FunctionDef{Assign{}, For{Call{Add{}, }, AugAssign{Add{}, }, }, Return{}, }, }, }
1;root{Module{FunctionDef{Assign{}, For{Call{Add{}, }, AugAssign{Add{}, }, }, Return{}, }, }, }
1;root{Module{FunctionDef{Assign{}, For{Call{Add{}, }, AugAssign{Add{}, }, }, Return{}, }, }, }
1;root{Module{FunctionDef{Assign{}, For{Call{Add{}, }, Assign{Add{}, }, }, Return{}, }, }, }
1;root{Module{FunctionDef{Assign{}, For{Call{Add{}, }, Assign{Add{}, }, }, Return{}, }, }, }
1;root{Module{FunctionDef{Assign{}, For{Call{Add{}, }, AugAssign{Add{}, }, }, Return{}, }, }, }
1;root{Module{FunctionDef{For{Call{}, AugAssign{Add{}, }, }, Return{}, }, }, }
1;root{Module{FunctionDef{Assign{}, For{Call{Add{}, }, AugAssign{Add{}, }, }, Return{}, }, }, }
1;root{Module{FunctionDef{Assign{}, For{Call{Add{}, }, AugAssign{Add{}, }, }, Return{}, }, }, }
1;root{Module{FunctionDef{Assign{}, For{Call{}, Assign{Add{}, Add{}, }, }, Return{}, }, }, }
1;root{Module{FunctionDef{Assign{}, For{Call{Add{}, }, Assign{Add{}, }, }, Return{}, }, }, }
1;root{Module{FunctionDef{Assign{}, For{Call{Add{}, }, AugAssign{Add{}, }, }, Print{}, }, }, }
1;root{Module{FunctionDef{Assign{}, For{Call{Add{}, }, AugAssign{Add{}, }, }, Return{}, }, }, }
1;root{Module{FunctionDef{Assign{}, For{Call{Add{}, }, AugAssign{Add{}, }, }, Return{}, }, }, }
1;root{Module{FunctionDef{Assign{}, For{Call{Add{}, }, AugAssign{Add{}, }, }, Return{}, }, }, }
1;root{Module{FunctionDef{Assign{}, For{Call{Add{}, }, AugAssign{Add{}, }, }, Return{}, }, }, }
1;root{Module{FunctionDef{Assign{}, For{Call{Add{}, }, AugAssign{Add{}, }, }, Return{}, }, }, }
1;root{Module{FunctionDef{Assign{}, For{Call{Add{}, }, Assign{Add{}, }, }, Return{}, }, }, }
1;root{Module{FunctionDef{Assign{}, For{Call{Add{}, }, Assign{Add{}, }, }, Return{}, }, }, }
1;root{Module{FunctionDef{Assign{}, For{Call{Add{}, }, Assign{Add{}, }, }, Return{}, }, }, }
1;root{Module{FunctionDef{Assign{}, For{Call{Add{}, }, AugAssign{Add{}, }, }, Return{}, }, }, }
1;root{Module{FunctionDef{For{Call{}, AugAssign{Add{}, }, }, Return{}, }, }, }
1;root{Module{FunctionDef{Assign{}, For{Call{Add{}, }, AugAssign{Add{}, }, }, Return{}, }, }, }
1;root{Module{FunctionDef{Return{Call{Call{Add{}, }, }, }, }, }, }
1;root{Module{FunctionDef{Assign{}, For{Call{Add{}, }, AugAssign{Add{}, }, }, Return{}, }, }, }
1;root{Module{FunctionDef{Assign{}, For{Call{Add{}, }, AugAssign{Add{}, }, }, Return{}, }, }, }
1;root{Module{FunctionDef{Assign{}, For{Call{Add{}, }, AugAssign{Add{}, }, }, Return{}, }, }, }
1;root{Module{FunctionDef{Assign{}, Assign{}, While{Compare{Add{}, LtE{}, }, AugAssign{Add{}, }, AugAssign{Add{}, }, }, Return{Add{}, Sub{}, Add{}, }, }, }, }
1;root{Module{FunctionDef{Return{Call{Call{Add{}, }, }, }, }, }, }
1;root{Module{FunctionDef{Assign{}, For{Call{Add{}, }, AugAssign{Add{}, }, }, Return{}, }, }, }
1;root{Module{FunctionDef{Return{Call{Call{Add{}, }, }, }, }, }, }
1;root{Module{FunctionDef{Assign{}, For{Call{Add{}, }, AugAssign{Add{}, }, }, Return{}, }, }, }
1;root{Module{FunctionDef{Assign{}, For{Call{Add{}, }, AugAssign{Add{}, }, }, Return{}, }, }, }
1;root{Module{FunctionDef{Assign{}, For{Call{Add{}, }, AugAssign{Add{}, }, }, Return{}, }, }, }
1;root{Module{FunctionDef{Assign{}, For{Call{Add{}, }, AugAssign{Add{}, }, }, Return{}, }, }, }
1;root{Module{FunctionDef{Assign{}, For{Call{Add{}, }, AugAssign{Add{}, }, }, Return{}, }, }, }
1;root{Module{FunctionDef{Assign{}, For{Call{Add{}, }, AugAssign{Add{}, }, }, Return{}, }, }, }
1;root{Module{FunctionDef{Assign{}, For{Call{Add{}, }, AugAssign{Add{}, }, }, Return{}, }, }, }
1;root{Module{FunctionDef{Return{Mult{}, Add{}, Div{}, }, }, }, }
1;root{Module{FunctionDef{Assign{}, For{Call{Add{}, }, Assign{Add{}, }, }, Return{}, }, }, }
1;root{Module{FunctionDef{Assign{}, For{Call{Add{}, }, AugAssign{Add{}, }, }, Return{}, }, }, }
1;root{Module{FunctionDef{Assign{}, For{Call{Add{}, }, Assign{Add{}, }, }, Return{}, }, }, }
1;root{Module{FunctionDef{Assign{}, For{Call{Add{}, }, AugAssign{Add{}, }, }, Return{}, }, }, }
1;root{Module{FunctionDef{Assign{}, For{Call{Add{}, }, Assign{Add{}, }, }, Return{}, }, }, }
1;root{Module{FunctionDef{Assign{}, For{Call{Add{}, }, AugAssign{Add{}, }, }, Return{}, }, }, }
1;root{Module{FunctionDef{Return{Add{}, Div{}, Mult{}, }, }, }, }
1;root{Module{FunctionDef{Assign{}, For{Call{Add{}, }, AugAssign{Add{}, }, }, Return{}, }, }, }
1;root{Module{FunctionDef{If{Return{}, }, Return{Call{Sub{}, }, Add{}, }, }, }, }
1;root{Module{FunctionDef{Assign{}, For{Call{Add{}, }, AugAssign{Add{}, }, }, Return{}, }, }, }
1;root{Module{FunctionDef{Assign{}, For{Call{Add{}, }, AugAssign{Add{}, }, }, Return{}, }, }, }
1;root{Module{FunctionDef{Assign{}, For{Call{Add{}, }, AugAssign{Add{}, }, }, Return{}, }, }, }
1;root{Module{FunctionDef{For{Call{}, AugAssign{Add{}, }, }, Return{}, }, }, }
1;root{Module{FunctionDef{Assign{}, While{Compare{Gt{}, }, Assign{Add{}, Sub{}, }, AugAssign{Add{}, }, }, Return{}, }, }, }
1;root{Module{FunctionDef{Assign{}, For{Call{Add{}, }, Assign{Add{}, }, }, Return{}, }, }, }
1;root{Module{FunctionDef{Assign{}, For{Call{Add{}, }, AugAssign{Add{}, }, }, Return{}, }, }, }
1;root{Module{FunctionDef{Assign{}, For{Call{Add{}, }, AugAssign{Add{}, }, }, Return{}, }, }, }
1;root{Module{FunctionDef{For{Call{}, Assign{Add{}, }, }, Return{}, }, }, }
1;root{Module{FunctionDef{For{Call{}, AugAssign{Add{}, }, }, Return{}, }, }, }
1;root{Module{FunctionDef{For{Call{}, AugAssign{Add{}, }, }, Return{}, }, }, }
1;root{Module{FunctionDef{Assign{}, For{Call{Add{}, }, AugAssign{Add{}, }, }, Return{}, }, }, }
1;root{Module{FunctionDef{Assign{}, For{Call{Add{}, }, Assign{Add{}, }, }, Return{}, }, }, }
1;root{Module{FunctionDef{Assign{}, For{Call{Add{}, }, AugAssign{Add{}, }, }, Return{}, }, }, }
1;root{Module{FunctionDef{Assign{}, For{Call{Add{}, }, AugAssign{Add{}, }, }, Return{}, }, }, }
1;root{Module{FunctionDef{For{Call{}, Assign{Add{}, }, }, Return{}, }, }, }
1;root{Module{FunctionDef{Assign{}, For{Call{Add{}, }, Assign{Add{}, }, }, Return{}, }, }, }
1;root{Module{FunctionDef{Assign{}, For{Call{Add{}, }, AugAssign{Add{}, }, }, Return{}, }, }, }
1;root{Module{FunctionDef{Return{Mult{}, Add{}, Div{}, }, }, }, }
1;root{Module{FunctionDef{Assign{Call{}, }, For{Call{Add{}, }, AugAssign{Add{}, }, }, Return{}, }, }, }
1;root{Module{FunctionDef{Assign{}, For{Call{Add{}, }, AugAssign{Add{}, }, }, Return{}, }, }, }
1;root{Module{FunctionDef{Assign{}, For{Call{Add{}, }, AugAssign{Add{}, }, }, Return{}, }, }, }
1;root{Module{FunctionDef{Assign{}, For{Call{Add{}, }, AugAssign{Add{}, }, }, Return{}, }, }, }
1;root{Module{FunctionDef{Assign{}, For{Call{Add{}, }, AugAssign{Add{}, }, }, Return{}, }, }, }
1;root{Module{FunctionDef{Assign{}, For{Call{Add{}, }, Assign{Add{}, }, }, Return{}, }, }, }
1;root{Module{FunctionDef{Assign{}, For{Call{Add{}, }, AugAssign{Add{}, }, }, Return{}, }, }, }
1;root{Module{FunctionDef{Assign{}, For{Call{Add{}, }, Assign{Add{}, }, }, Return{}, }, }, }
1;root{Module{FunctionDef{Assign{}, For{Call{Add{}, }, AugAssign{Add{}, }, }, Return{}, }, }, }
1;root{Module{FunctionDef{Assign{}, For{Call{Add{}, }, AugAssign{Add{}, }, }, Return{}, }, }, }
1;root{Module{FunctionDef{Assign{}, For{Call{Add{}, }, AugAssign{Add{}, }, }, Return{}, }, }, }
1;root{Module{FunctionDef{Assign{}, For{Call{Add{}, }, Assign{Add{}, }, }, Return{}, }, }, }
1;root{Module{FunctionDef{Assign{}, For{Call{}, AugAssign{Add{}, }, }, Return{}, }, }, }
1;root{Module{FunctionDef{Assign{}, For{Call{Add{}, }, AugAssign{Add{}, }, }, Return{}, }, }, }
1;root{Module{FunctionDef{Return{IfExp{Compare{Lt{}, }, Add{}, Call{Sub{}, }, }, }, }, }, }
1;root{Module{FunctionDef{Assign{}, For{Call{Add{}, }, AugAssign{Add{}, }, }, Return{}, }, }, }
1;root{Module{FunctionDef{Assign{}, For{Call{Add{}, }, AugAssign{Add{}, }, }, Return{}, }, }, }
1;root{Module{FunctionDef{Assign{}, For{Call{Add{}, }, AugAssign{Add{}, }, }, Return{}, }, }, }
1;root{Module{FunctionDef{Assign{}, For{Call{Add{}, }, Assign{Add{}, }, }, Return{}, }, }, }
1;root{Module{FunctionDef{Assign{}, For{Call{Add{}, }, AugAssign{Add{}, }, }, Return{}, }, }, }
1;root{Module{FunctionDef{Assign{}, For{Call{Add{}, }, AugAssign{Add{}, }, }, Return{}, }, }, }
1;root{Module{FunctionDef{Assign{}, For{Call{Add{}, }, Assign{Add{}, }, }, Return{}, }, }, }
1;root{Module{FunctionDef{Assign{}, For{Call{Add{}, }, Assign{Add{}, }, }, Return{}, }, }, }
1;root{Module{FunctionDef{Assign{}, For{Call{Add{}, }, AugAssign{Add{}, }, }, Return{}, }, }, }
1;root{Module{FunctionDef{Assign{}, For{Call{}, Assign{Add{}, }, }, Return{}, }, }, }
1;root{Module{FunctionDef{Assign{}, For{Call{Add{}, }, AugAssign{Add{}, }, }, Return{}, }, }, }
1;root{Module{FunctionDef{For{Call{}, AugAssign{Add{}, }, }, Return{}, }, }, }
1;root{Module{FunctionDef{Assign{}, For{Call{Add{}, }, Assign{Add{}, }, }, Return{}, }, }, }
1;root{Module{FunctionDef{Assign{}, For{Call{Add{}, }, Assign{Add{}, }, }, Return{}, }, }, }
1;root{Module{FunctionDef{Assign{}, For{Call{Add{}, }, Assign{Add{}, }, }, Return{}, }, }, }
1;root{Module{FunctionDef{Assign{}, For{Call{Add{}, }, Assign{Add{}, }, }, Return{}, }, }, }
1;root{Module{FunctionDef{Assign{}, For{Call{Add{}, }, Assign{Add{}, }, }, Return{}, }, }, }
1;root{Module{FunctionDef{Assign{}, For{Call{Add{}, }, AugAssign{Add{}, }, }, Return{}, }, }, }
1;root{Module{FunctionDef{Assign{}, For{Call{Add{}, }, AugAssign{Add{}, }, }, Return{}, }, }, }
1;root{Module{FunctionDef{Assign{}, For{Call{Add{}, }, AugAssign{Add{}, }, }, Return{}, }, }, }
1;root{Module{FunctionDef{Assign{}, For{Call{}, AugAssign{Add{}, }, }, Return{}, }, }, }
1;root{Module{FunctionDef{For{Call{Sub{}, }, AugAssign{Add{}, }, }, Return{}, }, }, }
1;root{Module{FunctionDef{Assign{}, For{Call{Add{}, }, Assign{Add{}, }, }, Return{}, }, }, }
1;root{Module{FunctionDef{For{Call{}, AugAssign{Add{}, }, }, Return{}, }, }, }
1;root{Module{FunctionDef{Assign{}, For{Call{Add{}, }, Assign{Add{}, }, }, Assign{}, Return{}, }, }, }
1;root{Module{FunctionDef{Assign{}, For{Call{Add{}, }, AugAssign{Add{}, }, }, Return{}, }, }, }
1;root{Module{FunctionDef{Assign{}, For{Call{Add{}, }, AugAssign{Add{}, }, }, Return{}, }, }, }
1;root{Module{FunctionDef{Assign{}, Assign{}, For{Call{Add{}, }, AugAssign{Add{}, }, }, Return{}, }, }, }
1;root{Module{FunctionDef{Assign{}, For{Call{Add{}, }, AugAssign{Add{}, }, }, Return{}, }, }, }
1;root{Module{FunctionDef{Assign{}, For{Call{Add{}, }, AugAssign{Add{}, }, }, Return{}, }, }, }
1;root{Module{FunctionDef{Assign{}, For{Call{Add{}, }, AugAssign{Add{}, }, }, Return{}, }, }, }
1;root{Module{FunctionDef{Assign{}, For{Call{Add{}, }, AugAssign{Add{}, }, }, Return{}, }, }, }
1;root{Module{FunctionDef{Assign{}, For{Call{Add{}, }, AugAssign{Add{}, }, }, Return{}, }, }, }
1;root{Module{FunctionDef{Assign{}, For{Call{Add{}, }, Assign{Add{}, }, }, Return{}, }, }, }
1;root{Module{FunctionDef{Assign{}, For{Call{Add{}, }, AugAssign{Add{}, }, }, Return{}, }, }, }
1;root{Module{FunctionDef{Assign{}, For{Call{Add{}, }, AugAssign{Add{}, }, }, Return{}, }, }, }
1;root{Module{FunctionDef{Assign{}, For{Call{Add{}, }, AugAssign{Add{}, }, }, Return{}, }, }, }
1;root{Module{FunctionDef{Assign{}, For{Call{Add{}, }, AugAssign{Add{}, }, }, Return{}, }, }, }
1;root{Module{FunctionDef{Assign{}, For{Call{Add{}, }, Assign{Add{}, }, }, Return{}, }, }, }
1;root{Module{FunctionDef{Assign{}, For{Call{Add{}, }, AugAssign{Add{}, }, }, Return{}, }, }, }
1;root{Module{FunctionDef{Assign{}, For{Call{Add{}, }, Assign{Add{}, }, }, Return{}, }, }, }
1;root{Module{FunctionDef{Return{Call{Call{Add{}, }, }, }, }, }, }
1;root{Module{FunctionDef{For{Call{}, AugAssign{Add{}, }, }, Return{}, }, }, }
1;root{Module{FunctionDef{Assign{}, For{Call{Sub{}, }, Assign{Add{}, }, Assign{Add{}, }, }, Return{}, }, }, }
1;root{Module{FunctionDef{Assign{}, For{Call{Add{}, }, AugAssign{Add{}, }, }, Return{}, }, }, }
1;root{Module{FunctionDef{Assign{}, For{Call{Add{}, }, AugAssign{Add{}, }, }, Return{}, }, }, }
1;root{Module{FunctionDef{Assign{}, For{Call{Add{}, }, Assign{Add{}, }, }, Print{}, }, }, }
1;root{Module{FunctionDef{Assign{}, For{Call{Add{}, }, Assign{Add{}, }, }, Return{}, }, }, }
1;root{Module{FunctionDef{Assign{}, For{Call{Add{}, }, AugAssign{Add{}, }, }, Return{}, }, }, }
1;root{Module{FunctionDef{Assign{}, For{Call{Add{}, }, AugAssign{Add{}, }, }, Return{}, }, }, }
1;root{Module{FunctionDef{Assign{Call{Call{Add{}, }, }, }, Return{}, }, }, }
1;root{Module{FunctionDef{For{Call{}, Assign{Add{}, }, }, Return{}, }, }, }
1;root{Module{FunctionDef{Assign{}, For{Call{Add{}, }, Assign{Add{}, }, }, Assign{}, Return{}, }, }, }
1;root{Module{FunctionDef{Assign{}, For{Call{Add{}, }, AugAssign{Add{}, }, }, Return{}, }, }, }
1;root{Module{FunctionDef{Assign{}, For{Call{Add{}, }, AugAssign{Add{}, }, }, Return{}, }, }, }
1;root{Module{FunctionDef{Assign{}, For{Call{Add{}, }, Assign{Add{}, }, }, Return{}, }, }, }
1;root{Module{FunctionDef{Assign{}, For{Call{Add{}, }, Assign{Add{}, }, }, Return{}, }, }, }
1;root{Module{FunctionDef{Assign{}, For{Call{Add{}, }, Assign{Add{}, }, }, Return{}, }, }, }
1;root{Module{FunctionDef{Assign{}, For{Call{Add{}, }, AugAssign{Add{}, }, }, Return{}, }, }, }
1;root{Module{FunctionDef{Return{Add{}, Mult{}, Div{}, }, }, }, }
1;root{Module{FunctionDef{Assign{}, For{Call{Add{}, }, Assign{Add{}, }, }, Return{}, }, }, }
1;root{Module{FunctionDef{Assign{}, For{Call{Add{}, }, Assign{Add{}, }, }, Return{}, }, }, }
1;root{Module{FunctionDef{Assign{}, For{Call{Add{}, }, AugAssign{Add{}, }, }, Return{}, }, }, }
1;root{Module{FunctionDef{For{Call{}, AugAssign{Add{}, }, }, Return{}, }, }, }
1;root{Module{FunctionDef{Assign{}, For{Call{Add{}, }, AugAssign{Add{}, }, }, Return{}, }, }, }
1;root{Module{FunctionDef{Assign{}, For{Call{Add{}, }, AugAssign{Add{}, }, }, Return{}, }, }, }
1;root{Module{FunctionDef{Assign{}, For{Call{Add{}, }, AugAssign{Add{}, }, }, Return{}, }, }, }
1;root{Module{FunctionDef{Assign{}, For{Call{Add{}, }, AugAssign{Add{}, }, }, Return{}, }, }, }
1;root{Module{FunctionDef{Assign{}, Assign{}, For{Call{Add{}, }, Assign{Add{}, }, Assign{}, }, Return{}, }, }, }
1;root{Module{FunctionDef{Assign{}, For{Call{Add{}, }, Assign{Add{}, }, }, Return{}, }, }, }
1;root{Module{FunctionDef{Assign{}, For{Call{Add{}, }, AugAssign{Add{}, }, }, Return{}, }, }, }
1;root{Module{FunctionDef{Assign{}, For{Call{Add{}, }, AugAssign{Add{}, }, }, Return{}, }, }, }
1;root{Module{FunctionDef{Assign{}, For{Call{Add{}, }, Assign{Add{}, }, }, Return{}, }, }, }
1;root{Module{FunctionDef{Assign{}, While{Compare{NotEq{}, }, Assign{Add{}, Sub{}, }, AugAssign{Sub{}, }, }, Return{}, }, }, }
1;root{Module{FunctionDef{Assign{}, For{Call{Add{}, }, Assign{Add{}, }, }, Return{}, }, }, }
1;root{Module{FunctionDef{Assign{}, For{Call{Add{}, }, AugAssign{Add{}, }, }, Return{}, }, }, }
1;root{Module{FunctionDef{Assign{}, For{Call{}, AugAssign{Add{}, }, }, Return{}, }, }, }
1;root{Module{FunctionDef{Assign{}, For{Call{Add{}, }, AugAssign{Add{}, }, }, Return{}, }, }, }
1;root{Module{FunctionDef{Assign{}, For{Call{Add{}, }, AugAssign{Add{}, }, }, Return{}, }, }, }
1;root{Module{FunctionDef{Assign{}, For{Call{Add{}, }, Assign{Add{}, }, }, Return{}, }, }, }
1;root{Module{FunctionDef{Assign{}, For{Call{}, Assign{Add{}, }, }, Return{Add{}, }, }, }, }
1;root{Module{FunctionDef{Assign{}, For{Call{Add{}, }, Assign{Add{}, }, }, Return{}, }, }, }
1;root{Module{FunctionDef{Assign{}, For{Call{Add{}, }, Assign{Add{}, }, }, Return{}, }, }, }
1;root{Module{FunctionDef{Assign{}, For{Call{Add{}, }, Assign{Add{}, }, }, Return{}, }, }, }
1;root{Module{FunctionDef{Return{Mult{}, Add{}, Div{}, }, }, }, }
1;root{Module{FunctionDef{For{Call{}, AugAssign{Add{}, }, }, Return{}, }, }, }
1;root{Module{FunctionDef{Assign{}, For{Call{Add{}, }, AugAssign{Add{}, }, }, Return{}, }, }, }
1;root{Module{FunctionDef{Assign{}, For{Call{Add{}, }, AugAssign{Add{}, }, }, Return{}, }, }, }
1;root{Module{FunctionDef{For{Call{Add{}, }, Assign{Add{}, }, }, Return{}, }, }, }
1;root{Module{FunctionDef{Assign{}, For{Call{Add{}, }, AugAssign{Add{}, }, }, Return{}, }, }, }
1;root{Module{FunctionDef{Assign{}, For{Call{Add{}, }, AugAssign{Add{}, }, }, Return{}, }, }, }
1;root{Module{FunctionDef{Return{Mult{}, Add{}, Div{}, }, }, }, }
1;root{Module{FunctionDef{Assign{}, For{Call{Add{}, }, AugAssign{Add{}, }, }, Return{}, }, }, }
1;root{Module{FunctionDef{For{Call{}, Assign{Add{}, }, }, Return{}, }, }, }
1;root{Module{FunctionDef{Assign{}, For{Call{Add{}, }, AugAssign{Add{}, }, }, Return{}, }, }, }
1;root{Module{FunctionDef{Assign{}, Assign{}, While{Compare{LtE{}, }, Assign{Add{}, }, Assign{Add{}, }, }, Return{}, }, }, }
1;root{Module{FunctionDef{Assign{}, For{Call{Add{}, }, Assign{Add{}, }, }, Return{}, }, }, }
1;root{Module{FunctionDef{Assign{}, For{Call{Add{}, }, AugAssign{Add{}, }, }, Return{}, }, }, }
1;root{Module{FunctionDef{If{Return{}, }, Return{Add{}, Call{Sub{}, }, }, }, }, }
1;root{Module{FunctionDef{Assign{}, For{Call{Add{}, }, Assign{Add{}, }, }, Return{}, }, }, }
1;root{Module{FunctionDef{Assign{}, For{Call{Add{}, }, Assign{Add{}, }, }, Return{}, }, }, }
1;root{Module{FunctionDef{If{Compare{Gt{}, }, Return{}, Return{Call{Sub{}, }, }, }, }, FunctionDef{Return{Call{}, }, }, }, }
1;root{Module{FunctionDef{If{Return{}, Return{Call{Add{}, Sub{}, }, }, }, }, FunctionDef{Return{Call{}, }, }, }, }
1;root{Module{FunctionDef{Assign{}, For{Call{Add{}, }, AugAssign{Add{}, }, }, Return{}, }, }, }
1;root{Module{FunctionDef{If{Return{}, }, Return{Add{}, Call{Sub{}, }, }, }, }, }
1;root{Module{FunctionDef{Assign{}, While{Compare{Gt{}, }, Assign{Add{}, }, Assign{Sub{}, }, }, Return{}, }, }, }
1;root{Module{FunctionDef{If{Return{}, }, Return{Add{}, Call{Sub{}, }, }, }, }, }
1;root{Module{FunctionDef{Assign{}, For{Call{Add{}, }, Assign{Add{}, }, }, Return{}, }, }, }
1;root{Module{FunctionDef{Return{Mult{}, Add{}, Div{}, }, }, }, }
1;root{Module{FunctionDef{Return{Call{Call{Add{}, }, }, }, }, }, }
1;root{Module{FunctionDef{Return{Call{Call{Add{}, }, }, }, }, }, }
1;root{Module{FunctionDef{Return{Call{Call{Add{}, }, }, }, }, }, }
1;root{Module{FunctionDef{Return{Call{Call{Add{}, }, }, }, }, }, }
1;root{Module{FunctionDef{Assign{}, For{Call{Add{}, }, Assign{Add{}, }, }, Return{}, }, }, }
1;root{Module{FunctionDef{Return{Call{Call{Add{}, }, }, }, }, }, }
1;root{Module{FunctionDef{Return{Call{Call{Add{}, }, }, }, }, }, }
1;root{Module{FunctionDef{Return{Div{}, Call{Add{}, }, }, }, }, }
1;root{Module{FunctionDef{Return{Call{Call{Add{}, }, }, }, }, }, }
1;root{Module{FunctionDef{Return{Mult{}, Add{}, Div{}, }, }, }, }
1;root{Module{FunctionDef{Assign{}, For{Call{Add{}, }, Assign{Add{}, }, }, Assign{}, Return{}, }, }, }
1;root{Module{FunctionDef{For{Call{}, Assign{Add{}, }, }, Return{}, }, }, }
1;root{Module{FunctionDef{Return{Call{Call{Add{}, }, }, }, }, }, }
1;root{Module{FunctionDef{For{Call{}, AugAssign{Add{}, }, }, Return{}, }, }, }
1;root{Module{FunctionDef{Return{Call{Call{Add{}, }, }, }, }, }, }
1;root{Module{FunctionDef{For{Call{}, Expr{Add{}, }, }, Return{}, }, }, }
1;root{Module{FunctionDef{Assign{}, For{Call{Add{}, }, Assign{Add{}, }, }, Return{}, }, }, }
1;root{Module{FunctionDef{If{Return{}, Return{Add{}, Call{Sub{}, }, }, }, }, }, }
1;root{Module{FunctionDef{If{Compare{LtE{}, }, Return{}, }, Return{Add{}, Call{Sub{}, }, }, }, }, }
1;root{Module{FunctionDef{For{Call{}, Assign{Add{}, }, }, Return{}, }, }, }
1;root{Module{FunctionDef{If{Compare{Lt{}, }, Return{}, }, Return{Add{}, Call{Sub{}, }, }, }, }, }
1;root{Module{FunctionDef{Assign{}, For{Call{Add{}, }, AugAssign{Add{}, }, }, Return{}, }, }, }
1;root{Module{FunctionDef{Assign{}, For{Call{Add{}, }, Assign{Add{}, }, }, Return{}, }, }, }
1;root{Module{FunctionDef{Assign{}, For{Call{Add{}, }, AugAssign{Add{}, }, }, Return{}, }, }, }
1;root{Module{FunctionDef{Assign{}, For{Call{Add{}, }, AugAssign{Add{}, }, }, Return{}, }, }, }
1;root{Module{FunctionDef{For{Call{}, AugAssign{Add{}, }, }, Return{}, }, }, }
1;root{Module{FunctionDef{Return{Div{}, Mult{}, Add{}, }, }, }, }
1;root{Module{FunctionDef{Assign{}, For{Call{Add{}, }, AugAssign{Add{}, }, }, Return{}, }, }, }
1;root{Module{FunctionDef{Assign{}, For{Call{Add{}, }, Assign{Add{}, }, }, Return{}, }, }, }
1;root{Module{FunctionDef{Assign{}, For{Call{Add{}, }, AugAssign{Add{}, }, }, Return{}, }, }, }
1;root{Module{FunctionDef{Assign{}, For{Call{}, AugAssign{Add{}, }, }, Return{}, }, }, }
